10,10,612,98,390,100,544,536,435,71,370,783,343,160,744,866,319,678,59,254,467,17,317,488,145,344,268,472,644,510,188,112,642,345,678,336,111,798,74,506,403,609,424,477,260,668,407,480,350,601,398,12,336,259,159,185,673,399,590,872,591,610,347,150,576,556,42,433,234,220,937,492,88,490,1397,112,478,251,568,402,580,124,395,45,100,131,307,424,697,558,806,181,617,450,384,641,804,194,189,546,115,437
10,11,520,193,876,402,418,229,108,92,44,593,393,325,286,385,574,417,5001,305,706,853,105,290,807,358,678,228,221,602,598,431,726,523,408,326,5001,470,487,433,838,519,496,749,205,1228,211,389,238,382,570,473,206,518,619,518,362,220,347,423,372,455,571,545,19,268,572,84,641,449,62,292,563,492,502,256,78,717,5001,780,684,40,305,279,340,627,312,52,397,551,515,283,447,649,237,516,934,343,226,263,299,409
10,12,549,331,244,5,5001,1,183,197,358,265,449,32,668,605,187,473,226,545,367,1315,301,38,428,349,52,228,483,112,635,587,312,324,248,130,579,376,296,667,319,564,446,174,23,5001,315,561,861,578,690,351,434,240,683,377,529,435,657,385,810,645,155,409,466,584,1,52,136,664,821,634,734,99,512,316,341,421,208,27,586,505,468,1015,470,243,35,687,458,154,260,13,498,344,111,337,319,368,750,277,437,453
10,13,440,403,22,388,298,206,277,5001,270,177,236,40,818,385,211,173,306,29,454,420,416,257,384,455,115,396,80,327,304,298,571,162,272,256,264,490,398,5001,203,96,621,182,239,412,520,269,106,344,162,367,410,508,230,270,375,260,263,498,638,319,162,525,180,335,485,193,315,503,536,267,306,196,398,85,492,298,326,266,585,228,251,52,204,83,213,5001,271,22,445,422,405,160,531,197,518,279,148,423,413,221
10,14,334,212,256,498,34,433,241,244,320,630,283,5001,227,291,477,503,88,143,263,235,80,326,427,359,269,233,275,5001,339,86,207,434,479,379,456,299,217,44,397,713,97,266,173,295,263,65,5001,108,295,462,290,314,259,323,227,291,245,450,273,358,324,177,3,345,216,271,221,744,5001,700,134,436,143,250,67,314,295,190,312,188,225,91,304,247,53,219,293,1,574,217,457,422,381,250,313,303,511,387,5001,243
10,15,9,290,455,81,218,139,380,258,442,549,284,413,59,473,13,309,422,456,578,265,621,351,279,89,253,453,158,410,386,678,5001,219,178,60,320,736,290,292,267,36,157,171,238,492,25,6,396,403,320,213,686,320,262,404,419,3,322,300,427,641,308,305,313,547,414,275,326,227,323,5001,229,165,227,251,277,242,278,571,37,398,142,421,269,306,115,309,335,181,77,127,636,275,419,5001,105,5001,16,219,383,320
10,16,388,43,92,306,385,80,440,377,245,506,319,19,81,124,116,287,103,216,454,132,71,305,383,277,303,318,318,319,58,177,124,350,7,52,301,727,259,151,98,315,334,180,4,37,105,86,761,97,134,157,457,139,107,217,19,67,169,179,9,263,174,219,329,514,627,580,221,331,340,417,339,181,550,343,140,180,138,422,140,184,203,68,511,370,224,70,38,450,132,357,358,529,193,202,199,333,346,5001,320,351
10,17,168,72,319,206,365,233,112,201,243,255,281,26,60,243,192,282,202,30,185,228,134,72,251,52,85,81,334,384,173,130,399,289,278,21,268,628,192,416,156,470,475,29,166,337,297,248,141,155,215,336,187,56,145,541,517,285,303,490,181,313,82,238,331,192,451,61,452,263,155,63,163,695,440,302,163,258,217,5001,141,127,318,244,237,289,114,5001,200,292,315,245,255,545,145,289,521,62,244,252,65,385
10,18,525,235,193,159,207,198,638,349,307,136,558,313,80,274,241,305,84,509,130,297,172,203,73,160,260,212,5001,61,176,135,203,419,309,61,19,284,18,332,92,5001,357,230,64,210,210,115,59,235,45,41,62,271,198,351,346,63,90,472,147,376,183,205,287,45,390,263,183,246,240,5001,219,12,150,5001,346,228,157,143,164,161,58,116,225,35,242,283,237,14,71,244,369,163,371,243,448,573,264,179,413,368
10,19,5001,115,26,166,456,399,172,177,169,1,351,166,73,157,55,64,105,350,195,122,45,446,212,200,196,5001,235,194,454,108,84,258,139,272,155,329,28,124,170,81,133,467,613,188,211,331,367,129,413,192,157,60,92,223,148,197,5001,225,376,168,82,307,164,83,315,78,338,60,283,241,401,193,344,359,163,5001,171,340,101,5001,69,368,152,141,324,178,230,353,210,257,241,82,133,327,14,214,419,136,426,5001
10,20,45,162,411,319,137,222,242,293,115,290,270,221,164,219,1,298,397,289,323,336,56,165,215,36,221,290,99,205,144,317,123,316,139,101,527,124,447,5001,1,95,342,223,256,163,215,255,330,249,117,219,237,109,211,151,375,190,541,255,188,155,196,195,294,90,159,178,211,26,18,169,87,230,120,339,98,97,329,91,233,102,148,289,125,282,432,117,119,141,48,136,17,319,50,198,545,122,270,382,286,63
10,21,111,137,251,177,140,25,36,330,10,327,50,127,198,165,1,94,261,30,143,412,243,177,230,5001,163,117,171,385,406,399,67,262,97,156,128,165,73,20,71,154,219,205,83,5001,228,253,100,106,102,321,111,214,390,127,150,167,249,110,81,144,280,18,79,60,126,266,153,5001,229,159,150,216,5001,324,174,160,332,268,216,280,487,70,99,216,236,5001,5001,240,306,13,207,153,105,170,214,34,143,261,118,164
10,22,88,83,197,48,116,180,270,222,131,93,108,137,34,390,97,30,215,298,174,162,258,238,224,194,143,322,78,144,255,5001,103,314,141,131,245,408,216,197,255,229,117,300,17,212,36,271,32,74,9,126,125,173,128,341,12,32,201,5001,187,218,5,72,5001,253,37,5001,299,198,108,187,73,74,334,189,218,223,63,69,54,233,133,259,165,5001,80,51,303,244,203,54,209,77,120,310,137,240,160,272,233,196
10,23,154,171,90,289,301,112,232,98,125,133,234,214,342,426,220,25,115,129,124,344,177,84,150,151,116,149,200,10,167,132,224,204,16,276,183,259,237,278,165,190,62,203,195,18,91,102,164,356,234,181,51,128,284,220,229,133,33,321,445,180,227,69,129,142,83,78,82,68,172,235,39,95,224,144,185,41,25,233,201,143,251,136,112,82,409,218,294,90,47,205,175,199,173,126,387,335,127,24,295,230
10,24,239,325,167,147,284,390,79,169,5001,158,85,120,92,405,148,163,185,134,295,226,192,233,268,204,320,69,333,287,182,72,285,181,224,5001,40,121,69,199,416,282,105,169,44,33,167,88,116,99,57,228,82,103,25,153,384,178,521,105,110,92,13,96,78,103,54,323,123,65,123,160,187,5001,220,88,300,55,198,1,173,197,160,72,98,178,29,257,238,301,23,227,5001,237,170,76,212,114,132,57,389,213
10,25,5001,6,144,215,155,82,5,90,304,21,235,225,31,244,238,525,67,307,6,5001,283,274,111,88,5001,22,227,195,1,61,130,88,13,230,265,256,90,84,191,68,150,146,138,182,136,70,353,73,510,240,16,222,331,177,182,71,229,78,103,197,177,5001,96,175,152,96,130,221,3,26,54,121,183,174,160,55,160,255,58,6,99,55,152,219,98,275,153,125,87,82,4,434,157,192,185,189,172,161,150,46
10,26,76,161,46,330,5001,219,234,240,162,205,107,171,115,194,168,95,125,212,69,182,27,149,5001,120,325,98,318,275,250,86,144,83,150,49,94,16,5001,83,249,5001,73,75,157,438,107,195,106,151,40,140,157,86,127,249,204,5001,406,171,54,234,16,80,72,238,186,137,233,259,228,182,151,102,69,95,8,53,43,223,265,144,204,293,123,29,155,62,245,170,131,241,114,133,148,94,129,5001,258,190,74,250
10,27,365,167,212,223,259,127,68,28,5001,128,196,226,158,97,68,149,53,184,99,110,201,55,5001,36,146,66,106,591,317,63,184,147,137,11,252,87,196,97,132,273,3,158,160,139,409,71,5,148,80,116,228,105,204,91,33,6,206,136,18,68,96,2,156,329,106,320,104,182,119,276,122,120,138,163,133,143,126,103,126,44,1,127,108,72,129,45,26,163,180,119,71,325,150,59,215,136,213,159,133,147
10,28,89,211,225,194,120,23,45,116,32,37,268,112,141,170,79,101,155,48,84,192,64,233,115,264,164,86,192,199,208,222,167,153,73,101,126,109,220,122,5001,160,42,145,77,99,144,178,143,62,1,165,35,168,212,159,5001,98,99,72,163,133,128,97,292,170,79,176,162,151,182,147,91,252,169,113,194,71,139,177,190,113,76,38,63,171,95,84,198,192,55,161,202,196,153,278,111,127,84,102,132,88
10,29,161,55,72,205,122,229,101,4,156,65,166,104,91,132,184,238,137,159,252,114,120,253,117,73,232,316,44,75,118,124,128,135,3,87,161,161,142,63,98,95,255,129,156,334,48,216,180,5001,318,96,30,262,121,323,146,331,104,101,175,119,37,147,102,57,9,94,182,38,111,103,185,160,10,181,199,145,43,130,112,182,19,159,178,135,130,5001,78,137,5001,2,244,30,157,1,160,142,140,145,77,71
10,30,139,343,224,77,167,60,82,101,131,108,118,144,160,256,146,106,5001,141,314,5001,145,157,87,215,161,142,73,129,182,251,51,193,5001,128,172,177,132,222,96,132,248,5001,103,92,238,178,86,121,53,152,587,56,101,73,218,148,140,137,30,32,110,196,162,6,124,5001,230,95,101,178,279,247,208,153,137,38,111,129,148,306,58,139,46,140,71,67,119,118,268,238,30,5001,120,126,85,94,118,139,118,88
10,31,135,109,186,82,3,165,5001,6,107,119,35,107,137,58,104,31,133,222,134,232,87,107,186,135,116,204,101,297,86,68,55,203,84,82,138,121,141,174,100,120,114,143,140,159,144,138,64,98,108,202,97,51,131,196,140,163,135,5001,124,153,131,230,39,141,143,152,51,204,127,143,13,261,29,121,91,136,113,13,5001,153,82,67,254,5001,222,121,166,8,226,13,72,80,44,161,233,5001,135,85,163,184
10,32,123,344,173,68,89,5001,80,73,62,54,235,84,142,125,157,105,142,123,79,5001,191,73,11,159,161,5001,142,122,209,227,246,139,190,125,128,188,53,172,107,21,81,5001,99,12,140,126,49,161,179,130,73,172,74,222,61,135,95,73,181,25,60,147,120,145,238,242,129,100,145,108,22,180,116,86,120,160,152,163,162,53,58,243,123,4,125,149,47,94,98,153,177,334,89,133,187,65,142,45,212,129