25,0.750000,0.350000,0,0.880000
25,0.750000,0.350000,0,0.880000
25,0.750000,0.350000,0,0.880000
25,0.750000,0.350000,0,0.840000
25,0.750000,0.350000,0,0.880000
25,0.750000,0.350000,0,0.920000
25,0.750000,0.350000,0,0.760000
25,0.750000,0.350000,0,0.960000
25,0.750000,0.350000,0,0.760000
25,0.750000,0.350000,0,0.960000
25,0.750000,0.350000,0,0.720000
25,0.750000,0.350000,0,1.000000
25,0.750000,0.350000,0,0.920000
25,0.750000,0.350000,0,0.960000
25,0.750000,0.350000,0,0.680000
25,0.750000,0.350000,0,0.760000
25,0.750000,0.350000,0,0.880000
25,0.750000,0.350000,0,0.720000
25,0.750000,0.350000,0,0.800000
25,0.750000,0.350000,0,0.920000
25,0.750000,0.350000,0,0.920000
25,0.750000,0.350000,0,0.840000
25,0.750000,0.350000,0,1.000000
25,0.750000,0.350000,0,0.920000
25,0.750000,0.350000,0,0.880000
25,0.750000,0.350000,0,0.880000
25,0.750000,0.350000,0,0.880000
25,0.750000,0.350000,0,0.840000
25,0.750000,0.350000,0,0.800000
25,0.750000,0.350000,0,0.720000
25,0.750000,0.350000,10,0.733333
25,0.750000,0.350000,10,0.866667
25,0.750000,0.350000,10,1.000000
25,0.750000,0.350000,10,0.933333
25,0.750000,0.350000,10,0.733333
25,0.750000,0.350000,10,0.866667
25,0.750000,0.350000,10,0.800000
25,0.750000,0.350000,10,1.000000
25,0.750000,0.350000,10,0.866667
25,0.750000,0.350000,10,1.000000
25,0.750000,0.350000,10,1.000000
25,0.750000,0.350000,10,1.000000
25,0.750000,0.350000,10,0.666667
25,0.750000,0.350000,10,0.866667
25,0.750000,0.350000,10,1.000000
25,0.750000,0.350000,10,0.933333
25,0.750000,0.350000,10,0.800000
25,0.750000,0.350000,10,0.933333
25,0.750000,0.350000,10,0.733333
25,0.750000,0.350000,10,0.866667
25,0.750000,0.350000,10,0.866667
25,0.750000,0.350000,10,1.000000
25,0.750000,0.350000,10,0.733333
25,0.750000,0.350000,10,0.666667
25,0.750000,0.350000,10,0.666667
25,0.750000,0.350000,10,0.933333
25,0.750000,0.350000,10,0.933333
25,0.750000,0.350000,10,0.933333
25,0.750000,0.350000,10,0.866667
25,0.750000,0.350000,10,0.866667
25,0.750000,0.350000,15,0.500000
25,0.750000,0.350000,15,0.700000
25,0.750000,0.350000,15,0.800000
25,0.750000,0.350000,15,1.000000
25,0.750000,0.350000,15,0.700000
25,0.750000,0.350000,15,0.900000
25,0.750000,0.350000,15,1.000000
25,0.750000,0.350000,15,0.900000
25,0.750000,0.350000,15,1.000000
25,0.750000,0.350000,15,0.700000
25,0.750000,0.350000,15,1.000000
25,0.750000,0.350000,15,0.700000
25,0.750000,0.350000,15,0.800000
25,0.750000,0.350000,15,0.800000
25,0.750000,0.350000,15,1.000000
25,0.750000,0.350000,15,0.700000
25,0.750000,0.350000,15,0.900000
25,0.750000,0.350000,15,0.900000
25,0.750000,0.350000,15,0.900000
25,0.750000,0.350000,15,1.000000
25,0.750000,0.350000,15,0.800000
25,0.750000,0.350000,15,1.000000
25,0.750000,0.350000,15,1.000000
25,0.750000,0.350000,15,0.700000
25,0.750000,0.350000,15,0.700000
25,0.750000,0.350000,15,1.000000
25,0.750000,0.350000,15,0.700000
25,0.750000,0.350000,15,0.800000
25,0.750000,0.350000,15,0.600000
25,0.750000,0.350000,15,0.700000
25,0.750000,0.350000,16,1.000000
25,0.750000,0.350000,16,0.666667
25,0.750000,0.350000,16,0.888889
25,0.750000,0.350000,16,0.666667
25,0.750000,0.350000,16,0.888889
25,0.750000,0.350000,16,0.888889
25,0.750000,0.350000,16,0.888889
25,0.750000,0.350000,16,1.000000
25,0.750000,0.350000,16,1.000000
25,0.750000,0.350000,16,0.666667
25,0.750000,0.350000,16,0.666667
25,0.750000,0.350000,16,0.888889
25,0.750000,0.350000,16,0.777778
25,0.750000,0.350000,16,1.000000
25,0.750000,0.350000,16,0.666667
25,0.750000,0.350000,16,0.888889
25,0.750000,0.350000,16,0.888889
25,0.750000,0.350000,16,0.888889
25,0.750000,0.350000,16,1.000000
25,0.750000,0.350000,16,1.000000
25,0.750000,0.350000,16,0.888889
25,0.750000,0.350000,16,1.000000
25,0.750000,0.350000,16,0.777778
25,0.750000,0.350000,16,1.000000
25,0.750000,0.350000,16,1.000000
25,0.750000,0.350000,16,0.666667
25,0.750000,0.350000,16,0.777778
25,0.750000,0.350000,16,0.666667
25,0.750000,0.350000,16,0.777778
25,0.750000,0.350000,16,0.888889
25,0.750000,0.350000,17,1.000000
25,0.750000,0.350000,17,1.000000
25,0.750000,0.350000,17,0.500000
25,0.750000,0.350000,17,0.875000
25,0.750000,0.350000,17,0.875000
25,0.750000,0.350000,17,0.875000
25,0.750000,0.350000,17,0.500000
25,0.750000,0.350000,17,1.000000
25,0.750000,0.350000,17,0.875000
25,0.750000,0.350000,17,0.750000
25,0.750000,0.350000,17,0.625000
25,0.750000,0.350000,17,0.875000
25,0.750000,0.350000,17,1.000000
25,0.750000,0.350000,17,1.000000
25,0.750000,0.350000,17,0.875000
25,0.750000,0.350000,17,1.000000
25,0.750000,0.350000,17,0.750000
25,0.750000,0.350000,17,0.750000
25,0.750000,0.350000,17,0.500000
25,0.750000,0.350000,17,0.625000
25,0.750000,0.350000,17,0.875000
25,0.750000,0.350000,17,0.750000
25,0.750000,0.350000,17,0.750000
25,0.750000,0.350000,17,0.750000
25,0.750000,0.350000,17,0.875000
25,0.750000,0.350000,17,0.625000
25,0.750000,0.350000,17,1.000000
25,0.750000,0.350000,17,0.625000
25,0.750000,0.350000,17,1.000000
25,0.750000,0.350000,17,0.750000
25,0.750000,0.350000,18,0.714286
25,0.750000,0.350000,18,1.000000
25,0.750000,0.350000,18,1.000000
25,0.750000,0.350000,18,1.000000
25,0.750000,0.350000,18,0.571429
25,0.750000,0.350000,18,1.000000
25,0.750000,0.350000,18,0.571429
25,0.750000,0.350000,18,1.000000
25,0.750000,0.350000,18,0.857143
25,0.750000,0.350000,18,1.000000
25,0.750000,0.350000,18,1.000000
25,0.750000,0.350000,18,1.000000
25,0.750000,0.350000,18,0.571429
25,0.750000,0.350000,18,0.571429
25,0.750000,0.350000,18,1.000000
25,0.750000,0.350000,18,1.000000
25,0.750000,0.350000,18,0.714286
25,0.750000,0.350000,18,0.714286
25,0.750000,0.350000,18,0.428571
25,0.750000,0.350000,18,0.285714
25,0.750000,0.350000,18,0.857143
25,0.750000,0.350000,18,1.000000
25,0.750000,0.350000,18,0.857143
25,0.750000,0.350000,18,1.000000
25,0.750000,0.350000,18,0.857143
25,0.750000,0.350000,18,1.000000
25,0.750000,0.350000,18,0.857143
25,0.750000,0.350000,18,1.000000
25,0.750000,0.350000,18,1.000000
25,0.750000,0.350000,18,0.857143
25,0.750000,0.350000,19,0.333333
25,0.750000,0.350000,19,1.000000
25,0.750000,0.350000,19,0.833333
25,0.750000,0.350000,19,0.666667
25,0.750000,0.350000,19,1.000000
25,0.750000,0.350000,19,0.833333
25,0.750000,0.350000,19,0.666667
25,0.750000,0.350000,19,1.000000
25,0.750000,0.350000,19,0.500000
25,0.750000,0.350000,19,0.666667
25,0.750000,0.350000,19,0.833333
25,0.750000,0.350000,19,0.833333
25,0.750000,0.350000,19,1.000000
25,0.750000,0.350000,19,0.666667
25,0.750000,0.350000,19,1.000000
25,0.750000,0.350000,19,1.000000
25,0.750000,0.350000,19,0.833333
25,0.750000,0.350000,19,1.000000
25,0.750000,0.350000,19,0.666667
25,0.750000,0.350000,19,0.833333
25,0.750000,0.350000,19,1.000000
25,0.750000,0.350000,19,0.833333
25,0.750000,0.350000,19,1.000000
25,0.750000,0.350000,19,1.000000
25,0.750000,0.350000,19,0.833333
25,0.750000,0.350000,19,0.666667
25,0.750000,0.350000,19,1.000000
25,0.750000,0.350000,19,0.500000
25,0.750000,0.350000,19,1.000000
25,0.750000,0.350000,19,0.333333
25,0.750000,0.350000,20,0.800000
25,0.750000,0.350000,20,1.000000
25,0.750000,0.350000,20,1.000000
25,0.750000,0.350000,20,0.600000
25,0.750000,0.350000,20,0.600000
25,0.750000,0.350000,20,0.800000
25,0.750000,0.350000,20,0.800000
25,0.750000,0.350000,20,0.800000
25,0.750000,0.350000,20,1.000000
25,0.750000,0.350000,20,1.000000
25,0.750000,0.350000,20,1.000000
25,0.750000,0.350000,20,0.800000
25,0.750000,0.350000,20,0.800000
25,0.750000,0.350000,20,0.400000
25,0.750000,0.350000,20,0.800000
25,0.750000,0.350000,20,1.000000
25,0.750000,0.350000,20,0.800000
25,0.750000,0.350000,20,1.000000
25,0.750000,0.350000,20,0.400000
25,0.750000,0.350000,20,1.000000
25,0.750000,0.350000,20,0.400000
25,0.750000,0.350000,20,0.800000
25,0.750000,0.350000,20,0.800000
25,0.750000,0.350000,20,1.000000
25,0.750000,0.350000,20,1.000000
25,0.750000,0.350000,20,1.000000
25,0.750000,0.350000,20,0.800000
25,0.750000,0.350000,20,0.800000
25,0.750000,0.350000,20,0.800000
25,0.750000,0.350000,20,1.000000
25,0.750000,0.350000,21,1.000000
25,0.750000,0.350000,21,0.750000
25,0.750000,0.350000,21,1.000000
25,0.750000,0.350000,21,1.000000
25,0.750000,0.350000,21,0.750000
25,0.750000,0.350000,21,1.000000
25,0.750000,0.350000,21,1.000000
25,0.750000,0.350000,21,1.000000
25,0.750000,0.350000,21,0.500000
25,0.750000,0.350000,21,0.250000
25,0.750000,0.350000,21,1.000000
25,0.750000,0.350000,21,0.250000
25,0.750000,0.350000,21,0.500000
25,0.750000,0.350000,21,1.000000
25,0.750000,0.350000,21,0.750000
25,0.750000,0.350000,21,1.000000
25,0.750000,0.350000,21,0.500000
25,0.750000,0.350000,21,1.000000
25,0.750000,0.350000,21,0.500000
25,0.750000,0.350000,21,0.500000
25,0.750000,0.350000,21,1.000000
25,0.750000,0.350000,21,0.500000
25,0.750000,0.350000,21,1.000000
25,0.750000,0.350000,21,0.750000
25,0.750000,0.350000,21,0.750000
25,0.750000,0.350000,21,1.000000
25,0.750000,0.350000,21,1.000000
25,0.750000,0.350000,21,1.000000
25,0.750000,0.350000,21,0.750000
25,0.750000,0.350000,21,0.750000
25,0.750000,0.350000,22,1.000000
25,0.750000,0.350000,22,0.333333
25,0.750000,0.350000,22,1.000000
25,0.750000,0.350000,22,1.000000
25,0.750000,0.350000,22,1.000000
25,0.750000,0.350000,22,1.000000
25,0.750000,0.350000,22,0.666667
25,0.750000,0.350000,22,0.666667
25,0.750000,0.350000,22,0.000000
25,0.750000,0.350000,22,0.666667
25,0.750000,0.350000,22,0.333333
25,0.750000,0.350000,22,0.666667
25,0.750000,0.350000,22,0.666667
25,0.750000,0.350000,22,1.000000
25,0.750000,0.350000,22,1.000000
25,0.750000,0.350000,22,1.000000
25,0.750000,0.350000,22,0.666667
25,0.750000,0.350000,22,1.000000
25,0.750000,0.350000,22,1.000000
25,0.750000,0.350000,22,1.000000
25,0.750000,0.350000,22,0.666667
25,0.750000,0.350000,22,1.000000
25,0.750000,0.350000,22,1.000000
25,0.750000,0.350000,22,0.666667
25,0.750000,0.350000,22,1.000000
25,0.750000,0.350000,22,0.666667
25,0.750000,0.350000,22,1.000000
25,0.750000,0.350000,22,1.000000
25,0.750000,0.350000,22,0.666667
25,0.750000,0.350000,22,0.333333
25,0.750000,0.350000,23,0.000000
25,0.750000,0.350000,23,1.000000
25,0.750000,0.350000,23,1.000000
25,0.750000,0.350000,23,1.000000
25,0.750000,0.350000,23,0.500000
25,0.750000,0.350000,23,0.500000
25,0.750000,0.350000,23,1.000000
25,0.750000,0.350000,23,1.000000
25,0.750000,0.350000,23,1.000000
25,0.750000,0.350000,23,1.000000
25,0.750000,0.350000,23,0.500000
25,0.750000,0.350000,23,0.500000
25,0.750000,0.350000,23,0.500000
25,0.750000,0.350000,23,1.000000
25,0.750000,0.350000,23,1.000000
25,0.750000,0.350000,23,0.500000
25,0.750000,0.350000,23,1.000000
25,0.750000,0.350000,23,0.500000
25,0.750000,0.350000,23,1.000000
25,0.750000,0.350000,23,0.500000
25,0.750000,0.350000,23,1.000000
25,0.750000,0.350000,23,0.000000
25,0.750000,0.350000,23,1.000000
25,0.750000,0.350000,23,1.000000
25,0.750000,0.350000,23,0.500000
25,0.750000,0.350000,23,1.000000
25,0.750000,0.350000,23,1.000000
25,0.750000,0.350000,23,1.000000
25,0.750000,0.350000,23,1.000000
25,0.750000,0.350000,23,1.000000
25,0.750000,0.350000,24,1.000000
25,0.750000,0.350000,24,1.000000
25,0.750000,0.350000,24,1.000000
25,0.750000,0.350000,24,1.000000
25,0.750000,0.350000,24,1.000000
25,0.750000,0.350000,24,1.000000
25,0.750000,0.350000,24,0.000000
25,0.750000,0.350000,24,1.000000
25,0.750000,0.350000,24,1.000000
25,0.750000,0.350000,24,1.000000
25,0.750000,0.350000,24,1.000000
25,0.750000,0.350000,24,1.000000
25,0.750000,0.350000,24,1.000000
25,0.750000,0.350000,24,1.000000
25,0.750000,0.350000,24,0.000000
25,0.750000,0.350000,24,1.000000
25,0.750000,0.350000,24,1.000000
25,0.750000,0.350000,24,1.000000
25,0.750000,0.350000,24,1.000000
25,0.750000,0.350000,24,1.000000
25,0.750000,0.350000,24,1.000000
25,0.750000,0.350000,24,1.000000
25,0.750000,0.350000,24,1.000000
25,0.750000,0.350000,24,1.000000
25,0.750000,0.350000,24,1.000000
25,0.750000,0.350000,24,0.000000
25,0.750000,0.350000,24,1.000000
25,0.750000,0.350000,24,1.000000
25,0.750000,0.350000,24,1.000000
25,0.750000,0.350000,24,1.000000
25,0.750000,0.650000,0,1.000000
25,0.750000,0.650000,0,0.840000
25,0.750000,0.650000,0,1.000000
25,0.750000,0.650000,0,0.920000
25,0.750000,0.650000,0,0.800000
25,0.750000,0.650000,0,0.920000
25,0.750000,0.650000,0,0.840000
25,0.750000,0.650000,0,0.960000
25,0.750000,0.650000,0,0.840000
25,0.750000,0.650000,0,1.000000
25,0.750000,0.650000,0,0.960000
25,0.750000,0.650000,0,0.920000
25,0.750000,0.650000,0,0.880000
25,0.750000,0.650000,0,0.960000
25,0.750000,0.650000,0,0.880000
25,0.750000,0.650000,0,0.880000
25,0.750000,0.650000,0,0.960000
25,0.750000,0.650000,0,0.880000
25,0.750000,0.650000,0,0.880000
25,0.750000,0.650000,0,0.880000
25,0.750000,0.650000,0,1.000000
25,0.750000,0.650000,0,1.000000
25,0.750000,0.650000,0,0.960000
25,0.750000,0.650000,0,0.960000
25,0.750000,0.650000,0,0.880000
25,0.750000,0.650000,0,1.000000
25,0.750000,0.650000,0,0.800000
25,0.750000,0.650000,0,0.960000
25,0.750000,0.650000,0,0.960000
25,0.750000,0.650000,0,0.920000
25,0.750000,0.650000,10,0.933333
25,0.750000,0.650000,10,1.000000
25,0.750000,0.650000,10,0.933333
25,0.750000,0.650000,10,1.000000
25,0.750000,0.650000,10,1.000000
25,0.750000,0.650000,10,0.933333
25,0.750000,0.650000,10,1.000000
25,0.750000,0.650000,10,1.000000
25,0.750000,0.650000,10,0.800000
25,0.750000,0.650000,10,0.933333
25,0.750000,0.650000,10,0.866667
25,0.750000,0.650000,10,1.000000
25,0.750000,0.650000,10,0.866667
25,0.750000,0.650000,10,0.800000
25,0.750000,0.650000,10,0.733333
25,0.750000,0.650000,10,0.933333
25,0.750000,0.650000,10,1.000000
25,0.750000,0.650000,10,0.800000
25,0.750000,0.650000,10,1.000000
25,0.750000,0.650000,10,0.733333
25,0.750000,0.650000,10,0.666667
25,0.750000,0.650000,10,1.000000
25,0.750000,0.650000,10,1.000000
25,0.750000,0.650000,10,0.866667
25,0.750000,0.650000,10,0.933333
25,0.750000,0.650000,10,0.933333
25,0.750000,0.650000,10,0.866667
25,0.750000,0.650000,10,1.000000
25,0.750000,0.650000,10,1.000000
25,0.750000,0.650000,10,0.933333
25,0.750000,0.650000,15,1.000000
25,0.750000,0.650000,15,1.000000
25,0.750000,0.650000,15,1.000000
25,0.750000,0.650000,15,0.800000
25,0.750000,0.650000,15,1.000000
25,0.750000,0.650000,15,0.700000
25,0.750000,0.650000,15,0.900000
25,0.750000,0.650000,15,0.800000
25,0.750000,0.650000,15,0.900000
25,0.750000,0.650000,15,1.000000
25,0.750000,0.650000,15,1.000000
25,0.750000,0.650000,15,0.600000
25,0.750000,0.650000,15,0.700000
25,0.750000,0.650000,15,0.900000
25,0.750000,0.650000,15,1.000000
25,0.750000,0.650000,15,0.800000
25,0.750000,0.650000,15,0.400000
25,0.750000,0.650000,15,0.700000
25,0.750000,0.650000,15,0.900000
25,0.750000,0.650000,15,0.600000
25,0.750000,0.650000,15,0.800000
25,0.750000,0.650000,15,0.600000
25,0.750000,0.650000,15,0.900000
25,0.750000,0.650000,15,1.000000
25,0.750000,0.650000,15,0.800000
25,0.750000,0.650000,15,0.800000
25,0.750000,0.650000,15,0.900000
25,0.750000,0.650000,15,0.800000
25,0.750000,0.650000,15,1.000000
25,0.750000,0.650000,15,1.000000
25,0.750000,0.650000,16,1.000000
25,0.750000,0.650000,16,1.000000
25,0.750000,0.650000,16,1.000000
25,0.750000,0.650000,16,1.000000
25,0.750000,0.650000,16,0.777778
25,0.750000,0.650000,16,0.666667
25,0.750000,0.650000,16,1.000000
25,0.750000,0.650000,16,0.888889
25,0.750000,0.650000,16,1.000000
25,0.750000,0.650000,16,1.000000
25,0.750000,0.650000,16,0.777778
25,0.750000,0.650000,16,1.000000
25,0.750000,0.650000,16,1.000000
25,0.750000,0.650000,16,1.000000
25,0.750000,0.650000,16,0.666667
25,0.750000,0.650000,16,1.000000
25,0.750000,0.650000,16,1.000000
25,0.750000,0.650000,16,1.000000
25,0.750000,0.650000,16,1.000000
25,0.750000,0.650000,16,0.888889
25,0.750000,0.650000,16,0.888889
25,0.750000,0.650000,16,0.777778
25,0.750000,0.650000,16,0.777778
25,0.750000,0.650000,16,1.000000
25,0.750000,0.650000,16,0.888889
25,0.750000,0.650000,16,1.000000
25,0.750000,0.650000,16,0.777778
25,0.750000,0.650000,16,0.777778
25,0.750000,0.650000,16,1.000000
25,0.750000,0.650000,16,0.888889
25,0.750000,0.650000,17,0.625000
25,0.750000,0.650000,17,0.750000
25,0.750000,0.650000,17,0.750000
25,0.750000,0.650000,17,0.750000
25,0.750000,0.650000,17,0.750000
25,0.750000,0.650000,17,1.000000
25,0.750000,0.650000,17,1.000000
25,0.750000,0.650000,17,1.000000
25,0.750000,0.650000,17,1.000000
25,0.750000,0.650000,17,0.625000
25,0.750000,0.650000,17,0.875000
25,0.750000,0.650000,17,0.875000
25,0.750000,0.650000,17,0.625000
25,0.750000,0.650000,17,0.625000
25,0.750000,0.650000,17,1.000000
25,0.750000,0.650000,17,0.875000
25,0.750000,0.650000,17,0.375000
25,0.750000,0.650000,17,1.000000
25,0.750000,0.650000,17,0.625000
25,0.750000,0.650000,17,1.000000
25,0.750000,0.650000,17,0.875000
25,0.750000,0.650000,17,1.000000
25,0.750000,0.650000,17,0.750000
25,0.750000,0.650000,17,1.000000
25,0.750000,0.650000,17,1.000000
25,0.750000,0.650000,17,1.000000
25,0.750000,0.650000,17,1.000000
25,0.750000,0.650000,17,0.750000
25,0.750000,0.650000,17,0.625000
25,0.750000,0.650000,17,0.625000
25,0.750000,0.650000,18,1.000000
25,0.750000,0.650000,18,1.000000
25,0.750000,0.650000,18,1.000000
25,0.750000,0.650000,18,0.857143
25,0.750000,0.650000,18,1.000000
25,0.750000,0.650000,18,1.000000
25,0.750000,0.650000,18,1.000000
25,0.750000,0.650000,18,1.000000
25,0.750000,0.650000,18,1.000000
25,0.750000,0.650000,18,1.000000
25,0.750000,0.650000,18,0.857143
25,0.750000,0.650000,18,0.571429
25,0.750000,0.650000,18,1.000000
25,0.750000,0.650000,18,0.857143
25,0.750000,0.650000,18,0.857143
25,0.750000,0.650000,18,1.000000
25,0.750000,0.650000,18,0.714286
25,0.750000,0.650000,18,1.000000
25,0.750000,0.650000,18,0.857143
25,0.750000,0.650000,18,1.000000
25,0.750000,0.650000,18,0.857143
25,0.750000,0.650000,18,1.000000
25,0.750000,0.650000,18,0.714286
25,0.750000,0.650000,18,0.714286
25,0.750000,0.650000,18,0.714286
25,0.750000,0.650000,18,1.000000
25,0.750000,0.650000,18,0.857143
25,0.750000,0.650000,18,1.000000
25,0.750000,0.650000,18,0.571429
25,0.750000,0.650000,18,1.000000
25,0.750000,0.650000,19,0.666667
25,0.750000,0.650000,19,1.000000
25,0.750000,0.650000,19,0.833333
25,0.750000,0.650000,19,1.000000
25,0.750000,0.650000,19,1.000000
25,0.750000,0.650000,19,1.000000
25,0.750000,0.650000,19,0.833333
25,0.750000,0.650000,19,0.500000
25,0.750000,0.650000,19,1.000000
25,0.750000,0.650000,19,0.833333
25,0.750000,0.650000,19,0.833333
25,0.750000,0.650000,19,0.666667
25,0.750000,0.650000,19,0.666667
25,0.750000,0.650000,19,1.000000
25,0.750000,0.650000,19,0.666667
25,0.750000,0.650000,19,1.000000
25,0.750000,0.650000,19,1.000000
25,0.750000,0.650000,19,1.000000
25,0.750000,0.650000,19,1.000000
25,0.750000,0.650000,19,0.500000
25,0.750000,0.650000,19,1.000000
25,0.750000,0.650000,19,1.000000
25,0.750000,0.650000,19,1.000000
25,0.750000,0.650000,19,0.833333
25,0.750000,0.650000,19,0.666667
25,0.750000,0.650000,19,1.000000
25,0.750000,0.650000,19,1.000000
25,0.750000,0.650000,19,0.833333
25,0.750000,0.650000,19,0.833333
25,0.750000,0.650000,19,1.000000
25,0.750000,0.650000,20,1.000000
25,0.750000,0.650000,20,0.800000
25,0.750000,0.650000,20,1.000000
25,0.750000,0.650000,20,1.000000
25,0.750000,0.650000,20,0.200000
25,0.750000,0.650000,20,0.600000
25,0.750000,0.650000,20,1.000000
25,0.750000,0.650000,20,0.600000
25,0.750000,0.650000,20,1.000000
25,0.750000,0.650000,20,1.000000
25,0.750000,0.650000,20,0.800000
25,0.750000,0.650000,20,1.000000
25,0.750000,0.650000,20,1.000000
25,0.750000,0.650000,20,1.000000
25,0.750000,0.650000,20,1.000000
25,0.750000,0.650000,20,1.000000
25,0.750000,0.650000,20,1.000000
25,0.750000,0.650000,20,1.000000
25,0.750000,0.650000,20,0.800000
25,0.750000,0.650000,20,0.600000
25,0.750000,0.650000,20,1.000000
25,0.750000,0.650000,20,1.000000
25,0.750000,0.650000,20,0.400000
25,0.750000,0.650000,20,0.400000
25,0.750000,0.650000,20,0.200000
25,0.750000,0.650000,20,1.000000
25,0.750000,0.650000,20,0.600000
25,0.750000,0.650000,20,1.000000
25,0.750000,0.650000,20,1.000000
25,0.750000,0.650000,20,0.600000
25,0.750000,0.650000,21,0.750000
25,0.750000,0.650000,21,1.000000
25,0.750000,0.650000,21,0.750000
25,0.750000,0.650000,21,0.250000
25,0.750000,0.650000,21,0.000000
25,0.750000,0.650000,21,0.500000
25,0.750000,0.650000,21,1.000000
25,0.750000,0.650000,21,1.000000
25,0.750000,0.650000,21,1.000000
25,0.750000,0.650000,21,1.000000
25,0.750000,0.650000,21,1.000000
25,0.750000,0.650000,21,1.000000
25,0.750000,0.650000,21,1.000000
25,0.750000,0.650000,21,0.500000
25,0.750000,0.650000,21,0.500000
25,0.750000,0.650000,21,0.500000
25,0.750000,0.650000,21,1.000000
25,0.750000,0.650000,21,1.000000
25,0.750000,0.650000,21,0.750000
25,0.750000,0.650000,21,1.000000
25,0.750000,0.650000,21,1.000000
25,0.750000,0.650000,21,1.000000
25,0.750000,0.650000,21,1.000000
25,0.750000,0.650000,21,1.000000
25,0.750000,0.650000,21,1.000000
25,0.750000,0.650000,21,1.000000
25,0.750000,0.650000,21,1.000000
25,0.750000,0.650000,21,1.000000
25,0.750000,0.650000,21,0.500000
25,0.750000,0.650000,21,1.000000
25,0.750000,0.650000,22,1.000000
25,0.750000,0.650000,22,0.666667
25,0.750000,0.650000,22,0.333333
25,0.750000,0.650000,22,1.000000
25,0.750000,0.650000,22,1.000000
25,0.750000,0.650000,22,1.000000
25,0.750000,0.650000,22,1.000000
25,0.750000,0.650000,22,1.000000
25,0.750000,0.650000,22,0.333333
25,0.750000,0.650000,22,1.000000
25,0.750000,0.650000,22,0.333333
25,0.750000,0.650000,22,0.333333
25,0.750000,0.650000,22,0.666667
25,0.750000,0.650000,22,1.000000
25,0.750000,0.650000,22,1.000000
25,0.750000,0.650000,22,1.000000
25,0.750000,0.650000,22,1.000000
25,0.750000,0.650000,22,1.000000
25,0.750000,0.650000,22,0.333333
25,0.750000,0.650000,22,1.000000
25,0.750000,0.650000,22,1.000000
25,0.750000,0.650000,22,0.333333
25,0.750000,0.650000,22,1.000000
25,0.750000,0.650000,22,1.000000
25,0.750000,0.650000,22,0.666667
25,0.750000,0.650000,22,0.666667
25,0.750000,0.650000,22,1.000000
25,0.750000,0.650000,22,0.333333
25,0.750000,0.650000,22,0.333333
25,0.750000,0.650000,22,0.666667
25,0.750000,0.650000,23,1.000000
25,0.750000,0.650000,23,1.000000
25,0.750000,0.650000,23,1.000000
25,0.750000,0.650000,23,1.000000
25,0.750000,0.650000,23,1.000000
25,0.750000,0.650000,23,0.000000
25,0.750000,0.650000,23,1.000000
25,0.750000,0.650000,23,1.000000
25,0.750000,0.650000,23,1.000000
25,0.750000,0.650000,23,1.000000
25,0.750000,0.650000,23,1.000000
25,0.750000,0.650000,23,0.000000
25,0.750000,0.650000,23,1.000000
25,0.750000,0.650000,23,1.000000
25,0.750000,0.650000,23,1.000000
25,0.750000,0.650000,23,1.000000
25,0.750000,0.650000,23,1.000000
25,0.750000,0.650000,23,1.000000
25,0.750000,0.650000,23,1.000000
25,0.750000,0.650000,23,1.000000
25,0.750000,0.650000,23,1.000000
25,0.750000,0.650000,23,1.000000
25,0.750000,0.650000,23,1.000000
25,0.750000,0.650000,23,1.000000
25,0.750000,0.650000,23,0.500000
25,0.750000,0.650000,23,1.000000
25,0.750000,0.650000,23,1.000000
25,0.750000,0.650000,23,1.000000
25,0.750000,0.650000,23,1.000000
25,0.750000,0.650000,23,0.500000
25,0.750000,0.650000,24,1.000000
25,0.750000,0.650000,24,1.000000
25,0.750000,0.650000,24,1.000000
25,0.750000,0.650000,24,1.000000
25,0.750000,0.650000,24,1.000000
25,0.750000,0.650000,24,1.000000
25,0.750000,0.650000,24,1.000000
25,0.750000,0.650000,24,1.000000
25,0.750000,0.650000,24,1.000000
25,0.750000,0.650000,24,1.000000
25,0.750000,0.650000,24,1.000000
25,0.750000,0.650000,24,1.000000
25,0.750000,0.650000,24,1.000000
25,0.750000,0.650000,24,1.000000
25,0.750000,0.650000,24,1.000000
25,0.750000,0.650000,24,1.000000
25,0.750000,0.650000,24,1.000000
25,0.750000,0.650000,24,1.000000
25,0.750000,0.650000,24,1.000000
25,0.750000,0.650000,24,1.000000
25,0.750000,0.650000,24,0.000000
25,0.750000,0.650000,24,1.000000
25,0.750000,0.650000,24,1.000000
25,0.750000,0.650000,24,1.000000
25,0.750000,0.650000,24,1.000000
25,0.750000,0.650000,24,1.000000
25,0.750000,0.650000,24,1.000000
25,0.750000,0.650000,24,1.000000
25,0.750000,0.650000,24,1.000000
25,0.750000,0.650000,24,1.000000
25,0.990000,0.350000,0,1.000000
25,0.990000,0.350000,0,0.880000
25,0.990000,0.350000,0,1.000000
25,0.990000,0.350000,0,1.000000
25,0.990000,0.350000,0,1.000000
25,0.990000,0.350000,0,1.000000
25,0.990000,0.350000,0,1.000000
25,0.990000,0.350000,0,1.000000
25,0.990000,0.350000,0,0.920000
25,0.990000,0.350000,0,1.000000
25,0.990000,0.350000,0,1.000000
25,0.990000,0.350000,0,1.000000
25,0.990000,0.350000,0,1.000000
25,0.990000,0.350000,0,1.000000
25,0.990000,0.350000,0,1.000000
25,0.990000,0.350000,0,1.000000
25,0.990000,0.350000,0,1.000000
25,0.990000,0.350000,0,1.000000
25,0.990000,0.350000,0,1.000000
25,0.990000,0.350000,0,1.000000
25,0.990000,0.350000,0,1.000000
25,0.990000,0.350000,0,1.000000
25,0.990000,0.350000,0,1.000000
25,0.990000,0.350000,0,0.960000
25,0.990000,0.350000,0,1.000000
25,0.990000,0.350000,0,1.000000
25,0.990000,0.350000,0,1.000000
25,0.990000,0.350000,0,1.000000
25,0.990000,0.350000,0,1.000000
25,0.990000,0.350000,0,1.000000
25,0.990000,0.350000,10,0.866667
25,0.990000,0.350000,10,1.000000
25,0.990000,0.350000,10,1.000000
25,0.990000,0.350000,10,1.000000
25,0.990000,0.350000,10,1.000000
25,0.990000,0.350000,10,0.933333
25,0.990000,0.350000,10,1.000000
25,0.990000,0.350000,10,0.933333
25,0.990000,0.350000,10,1.000000
25,0.990000,0.350000,10,1.000000
25,0.990000,0.350000,10,1.000000
25,0.990000,0.350000,10,1.000000
25,0.990000,0.350000,10,1.000000
25,0.990000,0.350000,10,1.000000
25,0.990000,0.350000,10,1.000000
25,0.990000,0.350000,10,1.000000
25,0.990000,0.350000,10,1.000000
25,0.990000,0.350000,10,1.000000
25,0.990000,0.350000,10,1.000000
25,0.990000,0.350000,10,1.000000
25,0.990000,0.350000,10,1.000000
25,0.990000,0.350000,10,1.000000
25,0.990000,0.350000,10,1.000000
25,0.990000,0.350000,10,1.000000
25,0.990000,0.350000,10,1.000000
25,0.990000,0.350000,10,1.000000
25,0.990000,0.350000,10,1.000000
25,0.990000,0.350000,10,1.000000
25,0.990000,0.350000,10,1.000000
25,0.990000,0.350000,10,1.000000
25,0.990000,0.350000,15,1.000000
25,0.990000,0.350000,15,1.000000
25,0.990000,0.350000,15,1.000000
25,0.990000,0.350000,15,1.000000
25,0.990000,0.350000,15,1.000000
25,0.990000,0.350000,15,1.000000
25,0.990000,0.350000,15,1.000000
25,0.990000,0.350000,15,1.000000
25,0.990000,0.350000,15,1.000000
25,0.990000,0.350000,15,1.000000
25,0.990000,0.350000,15,1.000000
25,0.990000,0.350000,15,1.000000
25,0.990000,0.350000,15,0.900000
25,0.990000,0.350000,15,1.000000
25,0.990000,0.350000,15,1.000000
25,0.990000,0.350000,15,1.000000
25,0.990000,0.350000,15,1.000000
25,0.990000,0.350000,15,1.000000
25,0.990000,0.350000,15,1.000000
25,0.990000,0.350000,15,1.000000
25,0.990000,0.350000,15,1.000000
25,0.990000,0.350000,15,1.000000
25,0.990000,0.350000,15,1.000000
25,0.990000,0.350000,15,1.000000
25,0.990000,0.350000,15,1.000000
25,0.990000,0.350000,15,0.900000
25,0.990000,0.350000,15,1.000000
25,0.990000,0.350000,15,1.000000
25,0.990000,0.350000,15,1.000000
25,0.990000,0.350000,15,0.900000
25,0.990000,0.350000,16,1.000000
25,0.990000,0.350000,16,1.000000
25,0.990000,0.350000,16,1.000000
25,0.990000,0.350000,16,1.000000
25,0.990000,0.350000,16,1.000000
25,0.990000,0.350000,16,1.000000
25,0.990000,0.350000,16,1.000000
25,0.990000,0.350000,16,1.000000
25,0.990000,0.350000,16,0.888889
25,0.990000,0.350000,16,0.888889
25,0.990000,0.350000,16,1.000000
25,0.990000,0.350000,16,1.000000
25,0.990000,0.350000,16,1.000000
25,0.990000,0.350000,16,1.000000
25,0.990000,0.350000,16,1.000000
25,0.990000,0.350000,16,1.000000
25,0.990000,0.350000,16,1.000000
25,0.990000,0.350000,16,1.000000
25,0.990000,0.350000,16,1.000000
25,0.990000,0.350000,16,1.000000
25,0.990000,0.350000,16,1.000000
25,0.990000,0.350000,16,1.000000
25,0.990000,0.350000,16,1.000000
25,0.990000,0.350000,16,1.000000
25,0.990000,0.350000,16,1.000000
25,0.990000,0.350000,16,1.000000
25,0.990000,0.350000,16,1.000000
25,0.990000,0.350000,16,1.000000
25,0.990000,0.350000,16,1.000000
25,0.990000,0.350000,16,1.000000
25,0.990000,0.350000,17,1.000000
25,0.990000,0.350000,17,1.000000
25,0.990000,0.350000,17,1.000000
25,0.990000,0.350000,17,1.000000
25,0.990000,0.350000,17,1.000000
25,0.990000,0.350000,17,1.000000
25,0.990000,0.350000,17,1.000000
25,0.990000,0.350000,17,1.000000
25,0.990000,0.350000,17,1.000000
25,0.990000,0.350000,17,1.000000
25,0.990000,0.350000,17,1.000000
25,0.990000,0.350000,17,1.000000
25,0.990000,0.350000,17,1.000000
25,0.990000,0.350000,17,1.000000
25,0.990000,0.350000,17,1.000000
25,0.990000,0.350000,17,1.000000
25,0.990000,0.350000,17,1.000000
25,0.990000,0.350000,17,1.000000
25,0.990000,0.350000,17,1.000000
25,0.990000,0.350000,17,1.000000
25,0.990000,0.350000,17,1.000000
25,0.990000,0.350000,17,1.000000
25,0.990000,0.350000,17,1.000000
25,0.990000,0.350000,17,1.000000
25,0.990000,0.350000,17,1.000000
25,0.990000,0.350000,17,1.000000
25,0.990000,0.350000,17,1.000000
25,0.990000,0.350000,17,1.000000
25,0.990000,0.350000,17,1.000000
25,0.990000,0.350000,17,1.000000
25,0.990000,0.350000,18,1.000000
25,0.990000,0.350000,18,1.000000
25,0.990000,0.350000,18,1.000000
25,0.990000,0.350000,18,1.000000
25,0.990000,0.350000,18,1.000000
25,0.990000,0.350000,18,1.000000
25,0.990000,0.350000,18,1.000000
25,0.990000,0.350000,18,1.000000
25,0.990000,0.350000,18,0.857143
25,0.990000,0.350000,18,1.000000
25,0.990000,0.350000,18,1.000000
25,0.990000,0.350000,18,1.000000
25,0.990000,0.350000,18,1.000000
25,0.990000,0.350000,18,1.000000
25,0.990000,0.350000,18,1.000000
25,0.990000,0.350000,18,1.000000
25,0.990000,0.350000,18,1.000000
25,0.990000,0.350000,18,1.000000
25,0.990000,0.350000,18,1.000000
25,0.990000,0.350000,18,1.000000
25,0.990000,0.350000,18,1.000000
25,0.990000,0.350000,18,1.000000
25,0.990000,0.350000,18,1.000000
25,0.990000,0.350000,18,1.000000
25,0.990000,0.350000,18,1.000000
25,0.990000,0.350000,18,1.000000
25,0.990000,0.350000,18,1.000000
25,0.990000,0.350000,18,1.000000
25,0.990000,0.350000,18,1.000000
25,0.990000,0.350000,18,1.000000
25,0.990000,0.350000,19,1.000000
25,0.990000,0.350000,19,1.000000
25,0.990000,0.350000,19,1.000000
25,0.990000,0.350000,19,1.000000
25,0.990000,0.350000,19,1.000000
25,0.990000,0.350000,19,1.000000
25,0.990000,0.350000,19,1.000000
25,0.990000,0.350000,19,1.000000
25,0.990000,0.350000,19,1.000000
25,0.990000,0.350000,19,1.000000
25,0.990000,0.350000,19,1.000000
25,0.990000,0.350000,19,1.000000
25,0.990000,0.350000,19,1.000000
25,0.990000,0.350000,19,1.000000
25,0.990000,0.350000,19,1.000000
25,0.990000,0.350000,19,1.000000
25,0.990000,0.350000,19,1.000000
25,0.990000,0.350000,19,1.000000
25,0.990000,0.350000,19,1.000000
25,0.990000,0.350000,19,1.000000
25,0.990000,0.350000,19,1.000000
25,0.990000,0.350000,19,1.000000
25,0.990000,0.350000,19,1.000000
25,0.990000,0.350000,19,1.000000
25,0.990000,0.350000,19,1.000000
25,0.990000,0.350000,19,1.000000
25,0.990000,0.350000,19,1.000000
25,0.990000,0.350000,19,1.000000
25,0.990000,0.350000,19,1.000000
25,0.990000,0.350000,19,1.000000
25,0.990000,0.350000,20,1.000000
25,0.990000,0.350000,20,1.000000
25,0.990000,0.350000,20,1.000000
25,0.990000,0.350000,20,1.000000
25,0.990000,0.350000,20,1.000000
25,0.990000,0.350000,20,1.000000
25,0.990000,0.350000,20,1.000000
25,0.990000,0.350000,20,1.000000
25,0.990000,0.350000,20,1.000000
25,0.990000,0.350000,20,0.600000
25,0.990000,0.350000,20,1.000000
25,0.990000,0.350000,20,1.000000
25,0.990000,0.350000,20,1.000000
25,0.990000,0.350000,20,1.000000
25,0.990000,0.350000,20,1.000000
25,0.990000,0.350000,20,1.000000
25,0.990000,0.350000,20,0.800000
25,0.990000,0.350000,20,1.000000
25,0.990000,0.350000,20,0.800000
25,0.990000,0.350000,20,1.000000
25,0.990000,0.350000,20,1.000000
25,0.990000,0.350000,20,1.000000
25,0.990000,0.350000,20,1.000000
25,0.990000,0.350000,20,1.000000
25,0.990000,0.350000,20,1.000000
25,0.990000,0.350000,20,1.000000
25,0.990000,0.350000,20,1.000000
25,0.990000,0.350000,20,1.000000
25,0.990000,0.350000,20,1.000000
25,0.990000,0.350000,20,1.000000
25,0.990000,0.350000,21,1.000000
25,0.990000,0.350000,21,1.000000
25,0.990000,0.350000,21,1.000000
25,0.990000,0.350000,21,1.000000
25,0.990000,0.350000,21,1.000000
25,0.990000,0.350000,21,1.000000
25,0.990000,0.350000,21,1.000000
25,0.990000,0.350000,21,1.000000
25,0.990000,0.350000,21,1.000000
25,0.990000,0.350000,21,1.000000
25,0.990000,0.350000,21,1.000000
25,0.990000,0.350000,21,1.000000
25,0.990000,0.350000,21,1.000000
25,0.990000,0.350000,21,1.000000
25,0.990000,0.350000,21,1.000000
25,0.990000,0.350000,21,0.750000
25,0.990000,0.350000,21,1.000000
25,0.990000,0.350000,21,1.000000
25,0.990000,0.350000,21,1.000000
25,0.990000,0.350000,21,1.000000
25,0.990000,0.350000,21,1.000000
25,0.990000,0.350000,21,0.750000
25,0.990000,0.350000,21,1.000000
25,0.990000,0.350000,21,1.000000
25,0.990000,0.350000,21,1.000000
25,0.990000,0.350000,21,1.000000
25,0.990000,0.350000,21,1.000000
25,0.990000,0.350000,21,1.000000
25,0.990000,0.350000,21,1.000000
25,0.990000,0.350000,21,1.000000
25,0.990000,0.350000,22,1.000000
25,0.990000,0.350000,22,1.000000
25,0.990000,0.350000,22,1.000000
25,0.990000,0.350000,22,1.000000
25,0.990000,0.350000,22,1.000000
25,0.990000,0.350000,22,1.000000
25,0.990000,0.350000,22,1.000000
25,0.990000,0.350000,22,1.000000
25,0.990000,0.350000,22,1.000000
25,0.990000,0.350000,22,1.000000
25,0.990000,0.350000,22,1.000000
25,0.990000,0.350000,22,0.666667
25,0.990000,0.350000,22,1.000000
25,0.990000,0.350000,22,1.000000
25,0.990000,0.350000,22,1.000000
25,0.990000,0.350000,22,1.000000
25,0.990000,0.350000,22,1.000000
25,0.990000,0.350000,22,1.000000
25,0.990000,0.350000,22,1.000000
25,0.990000,0.350000,22,1.000000
25,0.990000,0.350000,22,1.000000
25,0.990000,0.350000,22,1.000000
25,0.990000,0.350000,22,1.000000
25,0.990000,0.350000,22,1.000000
25,0.990000,0.350000,22,1.000000
25,0.990000,0.350000,22,1.000000
25,0.990000,0.350000,22,1.000000
25,0.990000,0.350000,22,1.000000
25,0.990000,0.350000,22,1.000000
25,0.990000,0.350000,22,1.000000
25,0.990000,0.350000,23,1.000000
25,0.990000,0.350000,23,1.000000
25,0.990000,0.350000,23,1.000000
25,0.990000,0.350000,23,1.000000
25,0.990000,0.350000,23,1.000000
25,0.990000,0.350000,23,1.000000
25,0.990000,0.350000,23,1.000000
25,0.990000,0.350000,23,1.000000
25,0.990000,0.350000,23,1.000000
25,0.990000,0.350000,23,1.000000
25,0.990000,0.350000,23,1.000000
25,0.990000,0.350000,23,1.000000
25,0.990000,0.350000,23,0.500000
25,0.990000,0.350000,23,1.000000
25,0.990000,0.350000,23,1.000000
25,0.990000,0.350000,23,1.000000
25,0.990000,0.350000,23,1.000000
25,0.990000,0.350000,23,1.000000
25,0.990000,0.350000,23,1.000000
25,0.990000,0.350000,23,1.000000
25,0.990000,0.350000,23,1.000000
25,0.990000,0.350000,23,1.000000
25,0.990000,0.350000,23,1.000000
25,0.990000,0.350000,23,1.000000
25,0.990000,0.350000,23,1.000000
25,0.990000,0.350000,23,1.000000
25,0.990000,0.350000,23,1.000000
25,0.990000,0.350000,23,1.000000
25,0.990000,0.350000,23,1.000000
25,0.990000,0.350000,23,1.000000
25,0.990000,0.350000,24,1.000000
25,0.990000,0.350000,24,1.000000
25,0.990000,0.350000,24,1.000000
25,0.990000,0.350000,24,1.000000
25,0.990000,0.350000,24,1.000000
25,0.990000,0.350000,24,1.000000
25,0.990000,0.350000,24,1.000000
25,0.990000,0.350000,24,1.000000
25,0.990000,0.350000,24,1.000000
25,0.990000,0.350000,24,1.000000
25,0.990000,0.350000,24,1.000000
25,0.990000,0.350000,24,1.000000
25,0.990000,0.350000,24,1.000000
25,0.990000,0.350000,24,1.000000
25,0.990000,0.350000,24,1.000000
25,0.990000,0.350000,24,1.000000
25,0.990000,0.350000,24,1.000000
25,0.990000,0.350000,24,1.000000
25,0.990000,0.350000,24,1.000000
25,0.990000,0.350000,24,1.000000
25,0.990000,0.350000,24,1.000000
25,0.990000,0.350000,24,1.000000
25,0.990000,0.350000,24,1.000000
25,0.990000,0.350000,24,1.000000
25,0.990000,0.350000,24,1.000000
25,0.990000,0.350000,24,1.000000
25,0.990000,0.350000,24,1.000000
25,0.990000,0.350000,24,1.000000
25,0.990000,0.350000,24,1.000000
25,0.990000,0.350000,24,1.000000
25,0.990000,0.650000,0,1.000000
25,0.990000,0.650000,0,1.000000
25,0.990000,0.650000,0,1.000000
25,0.990000,0.650000,0,1.000000
25,0.990000,0.650000,0,0.960000
25,0.990000,0.650000,0,1.000000
25,0.990000,0.650000,0,1.000000
25,0.990000,0.650000,0,1.000000
25,0.990000,0.650000,0,1.000000
25,0.990000,0.650000,0,1.000000
25,0.990000,0.650000,0,1.000000
25,0.990000,0.650000,0,1.000000
25,0.990000,0.650000,0,0.960000
25,0.990000,0.650000,0,1.000000
25,0.990000,0.650000,0,1.000000
25,0.990000,0.650000,0,1.000000
25,0.990000,0.650000,0,1.000000
25,0.990000,0.650000,0,1.000000
25,0.990000,0.650000,0,1.000000
25,0.990000,0.650000,0,1.000000
25,0.990000,0.650000,0,1.000000
25,0.990000,0.650000,0,1.000000
25,0.990000,0.650000,0,1.000000
25,0.990000,0.650000,0,1.000000
25,0.990000,0.650000,0,1.000000
25,0.990000,0.650000,0,1.000000
25,0.990000,0.650000,0,1.000000
25,0.990000,0.650000,0,1.000000
25,0.990000,0.650000,0,1.000000
25,0.990000,0.650000,0,1.000000
25,0.990000,0.650000,10,1.000000
25,0.990000,0.650000,10,1.000000
25,0.990000,0.650000,10,1.000000
25,0.990000,0.650000,10,1.000000
25,0.990000,0.650000,10,1.000000
25,0.990000,0.650000,10,1.000000
25,0.990000,0.650000,10,0.933333
25,0.990000,0.650000,10,1.000000
25,0.990000,0.650000,10,1.000000
25,0.990000,0.650000,10,1.000000
25,0.990000,0.650000,10,1.000000
25,0.990000,0.650000,10,1.000000
25,0.990000,0.650000,10,1.000000
25,0.990000,0.650000,10,1.000000
25,0.990000,0.650000,10,1.000000
25,0.990000,0.650000,10,1.000000
25,0.990000,0.650000,10,1.000000
25,0.990000,0.650000,10,1.000000
25,0.990000,0.650000,10,1.000000
25,0.990000,0.650000,10,1.000000
25,0.990000,0.650000,10,1.000000
25,0.990000,0.650000,10,1.000000
25,0.990000,0.650000,10,1.000000
25,0.990000,0.650000,10,1.000000
25,0.990000,0.650000,10,1.000000
25,0.990000,0.650000,10,1.000000
25,0.990000,0.650000,10,1.000000
25,0.990000,0.650000,10,1.000000
25,0.990000,0.650000,10,1.000000
25,0.990000,0.650000,10,1.000000
25,0.990000,0.650000,15,1.000000
25,0.990000,0.650000,15,1.000000
25,0.990000,0.650000,15,1.000000
25,0.990000,0.650000,15,1.000000
25,0.990000,0.650000,15,1.000000
25,0.990000,0.650000,15,0.900000
25,0.990000,0.650000,15,1.000000
25,0.990000,0.650000,15,1.000000
25,0.990000,0.650000,15,1.000000
25,0.990000,0.650000,15,1.000000
25,0.990000,0.650000,15,1.000000
25,0.990000,0.650000,15,1.000000
25,0.990000,0.650000,15,1.000000
25,0.990000,0.650000,15,1.000000
25,0.990000,0.650000,15,1.000000
25,0.990000,0.650000,15,1.000000
25,0.990000,0.650000,15,1.000000
25,0.990000,0.650000,15,1.000000
25,0.990000,0.650000,15,1.000000
25,0.990000,0.650000,15,1.000000
25,0.990000,0.650000,15,1.000000
25,0.990000,0.650000,15,1.000000
25,0.990000,0.650000,15,1.000000
25,0.990000,0.650000,15,1.000000
25,0.990000,0.650000,15,1.000000
25,0.990000,0.650000,15,1.000000
25,0.990000,0.650000,15,1.000000
25,0.990000,0.650000,15,1.000000
25,0.990000,0.650000,15,1.000000
25,0.990000,0.650000,15,1.000000
25,0.990000,0.650000,16,1.000000
25,0.990000,0.650000,16,1.000000
25,0.990000,0.650000,16,1.000000
25,0.990000,0.650000,16,1.000000
25,0.990000,0.650000,16,1.000000
25,0.990000,0.650000,16,1.000000
25,0.990000,0.650000,16,1.000000
25,0.990000,0.650000,16,1.000000
25,0.990000,0.650000,16,1.000000
25,0.990000,0.650000,16,1.000000
25,0.990000,0.650000,16,1.000000
25,0.990000,0.650000,16,1.000000
25,0.990000,0.650000,16,1.000000
25,0.990000,0.650000,16,1.000000
25,0.990000,0.650000,16,1.000000
25,0.990000,0.650000,16,1.000000
25,0.990000,0.650000,16,1.000000
25,0.990000,0.650000,16,1.000000
25,0.990000,0.650000,16,1.000000
25,0.990000,0.650000,16,1.000000
25,0.990000,0.650000,16,1.000000
25,0.990000,0.650000,16,1.000000
25,0.990000,0.650000,16,1.000000
25,0.990000,0.650000,16,1.000000
25,0.990000,0.650000,16,1.000000
25,0.990000,0.650000,16,1.000000
25,0.990000,0.650000,16,1.000000
25,0.990000,0.650000,16,1.000000
25,0.990000,0.650000,16,1.000000
25,0.990000,0.650000,16,0.888889
25,0.990000,0.650000,17,1.000000
25,0.990000,0.650000,17,1.000000
25,0.990000,0.650000,17,1.000000
25,0.990000,0.650000,17,1.000000
25,0.990000,0.650000,17,1.000000
25,0.990000,0.650000,17,1.000000
25,0.990000,0.650000,17,1.000000
25,0.990000,0.650000,17,1.000000
25,0.990000,0.650000,17,1.000000
25,0.990000,0.650000,17,1.000000
25,0.990000,0.650000,17,1.000000
25,0.990000,0.650000,17,1.000000
25,0.990000,0.650000,17,1.000000
25,0.990000,0.650000,17,1.000000
25,0.990000,0.650000,17,1.000000
25,0.990000,0.650000,17,1.000000
25,0.990000,0.650000,17,1.000000
25,0.990000,0.650000,17,1.000000
25,0.990000,0.650000,17,1.000000
25,0.990000,0.650000,17,1.000000
25,0.990000,0.650000,17,1.000000
25,0.990000,0.650000,17,1.000000
25,0.990000,0.650000,17,1.000000
25,0.990000,0.650000,17,1.000000
25,0.990000,0.650000,17,1.000000
25,0.990000,0.650000,17,1.000000
25,0.990000,0.650000,17,1.000000
25,0.990000,0.650000,17,1.000000
25,0.990000,0.650000,17,1.000000
25,0.990000,0.650000,17,1.000000
25,0.990000,0.650000,18,1.000000
25,0.990000,0.650000,18,1.000000
25,0.990000,0.650000,18,1.000000
25,0.990000,0.650000,18,1.000000
25,0.990000,0.650000,18,1.000000
25,0.990000,0.650000,18,1.000000
25,0.990000,0.650000,18,1.000000
25,0.990000,0.650000,18,1.000000
25,0.990000,0.650000,18,1.000000
25,0.990000,0.650000,18,1.000000
25,0.990000,0.650000,18,1.000000
25,0.990000,0.650000,18,1.000000
25,0.990000,0.650000,18,1.000000
25,0.990000,0.650000,18,1.000000
25,0.990000,0.650000,18,1.000000
25,0.990000,0.650000,18,1.000000
25,0.990000,0.650000,18,1.000000
25,0.990000,0.650000,18,1.000000
25,0.990000,0.650000,18,1.000000
25,0.990000,0.650000,18,1.000000
25,0.990000,0.650000,18,1.000000
25,0.990000,0.650000,18,1.000000
25,0.990000,0.650000,18,1.000000
25,0.990000,0.650000,18,1.000000
25,0.990000,0.650000,18,1.000000
25,0.990000,0.650000,18,1.000000
25,0.990000,0.650000,18,1.000000
25,0.990000,0.650000,18,1.000000
25,0.990000,0.650000,18,1.000000
25,0.990000,0.650000,18,1.000000
25,0.990000,0.650000,19,1.000000
25,0.990000,0.650000,19,1.000000
25,0.990000,0.650000,19,1.000000
25,0.990000,0.650000,19,1.000000
25,0.990000,0.650000,19,1.000000
25,0.990000,0.650000,19,1.000000
25,0.990000,0.650000,19,1.000000
25,0.990000,0.650000,19,1.000000
25,0.990000,0.650000,19,1.000000
25,0.990000,0.650000,19,1.000000
25,0.990000,0.650000,19,1.000000
25,0.990000,0.650000,19,1.000000
25,0.990000,0.650000,19,1.000000
25,0.990000,0.650000,19,1.000000
25,0.990000,0.650000,19,1.000000
25,0.990000,0.650000,19,0.833333
25,0.990000,0.650000,19,1.000000
25,0.990000,0.650000,19,1.000000
25,0.990000,0.650000,19,1.000000
25,0.990000,0.650000,19,1.000000
25,0.990000,0.650000,19,1.000000
25,0.990000,0.650000,19,1.000000
25,0.990000,0.650000,19,1.000000
25,0.990000,0.650000,19,1.000000
25,0.990000,0.650000,19,1.000000
25,0.990000,0.650000,19,1.000000
25,0.990000,0.650000,19,1.000000
25,0.990000,0.650000,19,1.000000
25,0.990000,0.650000,19,1.000000
25,0.990000,0.650000,19,1.000000
25,0.990000,0.650000,20,1.000000
25,0.990000,0.650000,20,1.000000
25,0.990000,0.650000,20,1.000000
25,0.990000,0.650000,20,1.000000
25,0.990000,0.650000,20,1.000000
25,0.990000,0.650000,20,1.000000
25,0.990000,0.650000,20,1.000000
25,0.990000,0.650000,20,1.000000
25,0.990000,0.650000,20,1.000000
25,0.990000,0.650000,20,1.000000
25,0.990000,0.650000,20,1.000000
25,0.990000,0.650000,20,1.000000
25,0.990000,0.650000,20,1.000000
25,0.990000,0.650000,20,1.000000
25,0.990000,0.650000,20,1.000000
25,0.990000,0.650000,20,1.000000
25,0.990000,0.650000,20,1.000000
25,0.990000,0.650000,20,1.000000
25,0.990000,0.650000,20,1.000000
25,0.990000,0.650000,20,1.000000
25,0.990000,0.650000,20,1.000000
25,0.990000,0.650000,20,1.000000
25,0.990000,0.650000,20,1.000000
25,0.990000,0.650000,20,1.000000
25,0.990000,0.650000,20,1.000000
25,0.990000,0.650000,20,1.000000
25,0.990000,0.650000,20,1.000000
25,0.990000,0.650000,20,1.000000
25,0.990000,0.650000,20,1.000000
25,0.990000,0.650000,20,1.000000
25,0.990000,0.650000,21,1.000000
25,0.990000,0.650000,21,1.000000
25,0.990000,0.650000,21,1.000000
25,0.990000,0.650000,21,1.000000
25,0.990000,0.650000,21,1.000000
25,0.990000,0.650000,21,1.000000
25,0.990000,0.650000,21,1.000000
25,0.990000,0.650000,21,1.000000
25,0.990000,0.650000,21,1.000000
25,0.990000,0.650000,21,1.000000
25,0.990000,0.650000,21,1.000000
25,0.990000,0.650000,21,1.000000
25,0.990000,0.650000,21,1.000000
25,0.990000,0.650000,21,1.000000
25,0.990000,0.650000,21,1.000000
25,0.990000,0.650000,21,1.000000
25,0.990000,0.650000,21,1.000000
25,0.990000,0.650000,21,1.000000
25,0.990000,0.650000,21,1.000000
25,0.990000,0.650000,21,1.000000
25,0.990000,0.650000,21,1.000000
25,0.990000,0.650000,21,1.000000
25,0.990000,0.650000,21,1.000000
25,0.990000,0.650000,21,1.000000
25,0.990000,0.650000,21,1.000000
25,0.990000,0.650000,21,1.000000
25,0.990000,0.650000,21,1.000000
25,0.990000,0.650000,21,1.000000
25,0.990000,0.650000,21,1.000000
25,0.990000,0.650000,21,1.000000
25,0.990000,0.650000,22,1.000000
25,0.990000,0.650000,22,1.000000
25,0.990000,0.650000,22,1.000000
25,0.990000,0.650000,22,1.000000
25,0.990000,0.650000,22,1.000000
25,0.990000,0.650000,22,1.000000
25,0.990000,0.650000,22,1.000000
25,0.990000,0.650000,22,1.000000
25,0.990000,0.650000,22,1.000000
25,0.990000,0.650000,22,1.000000
25,0.990000,0.650000,22,1.000000
25,0.990000,0.650000,22,1.000000
25,0.990000,0.650000,22,1.000000
25,0.990000,0.650000,22,1.000000
25,0.990000,0.650000,22,1.000000
25,0.990000,0.650000,22,1.000000
25,0.990000,0.650000,22,1.000000
25,0.990000,0.650000,22,1.000000
25,0.990000,0.650000,22,1.000000
25,0.990000,0.650000,22,1.000000
25,0.990000,0.650000,22,1.000000
25,0.990000,0.650000,22,1.000000
25,0.990000,0.650000,22,1.000000
25,0.990000,0.650000,22,1.000000
25,0.990000,0.650000,22,1.000000
25,0.990000,0.650000,22,1.000000
25,0.990000,0.650000,22,1.000000
25,0.990000,0.650000,22,1.000000
25,0.990000,0.650000,22,1.000000
25,0.990000,0.650000,22,1.000000
25,0.990000,0.650000,23,1.000000
25,0.990000,0.650000,23,1.000000
25,0.990000,0.650000,23,1.000000
25,0.990000,0.650000,23,1.000000
25,0.990000,0.650000,23,1.000000
25,0.990000,0.650000,23,1.000000
25,0.990000,0.650000,23,1.000000
25,0.990000,0.650000,23,1.000000
25,0.990000,0.650000,23,1.000000
25,0.990000,0.650000,23,1.000000
25,0.990000,0.650000,23,1.000000
25,0.990000,0.650000,23,1.000000
25,0.990000,0.650000,23,0.500000
25,0.990000,0.650000,23,1.000000
25,0.990000,0.650000,23,1.000000
25,0.990000,0.650000,23,1.000000
25,0.990000,0.650000,23,1.000000
25,0.990000,0.650000,23,1.000000
25,0.990000,0.650000,23,1.000000
25,0.990000,0.650000,23,1.000000
25,0.990000,0.650000,23,1.000000
25,0.990000,0.650000,23,1.000000
25,0.990000,0.650000,23,1.000000
25,0.990000,0.650000,23,1.000000
25,0.990000,0.650000,23,1.000000
25,0.990000,0.650000,23,1.000000
25,0.990000,0.650000,23,1.000000
25,0.990000,0.650000,23,1.000000
25,0.990000,0.650000,23,1.000000
25,0.990000,0.650000,23,1.000000
25,0.990000,0.650000,24,1.000000
25,0.990000,0.650000,24,1.000000
25,0.990000,0.650000,24,1.000000
25,0.990000,0.650000,24,1.000000
25,0.990000,0.650000,24,1.000000
25,0.990000,0.650000,24,1.000000
25,0.990000,0.650000,24,1.000000
25,0.990000,0.650000,24,1.000000
25,0.990000,0.650000,24,1.000000
25,0.990000,0.650000,24,1.000000
25,0.990000,0.650000,24,1.000000
25,0.990000,0.650000,24,1.000000
25,0.990000,0.650000,24,1.000000
25,0.990000,0.650000,24,1.000000
25,0.990000,0.650000,24,1.000000
25,0.990000,0.650000,24,1.000000
25,0.990000,0.650000,24,1.000000
25,0.990000,0.650000,24,1.000000
25,0.990000,0.650000,24,1.000000
25,0.990000,0.650000,24,1.000000
25,0.990000,0.650000,24,1.000000
25,0.990000,0.650000,24,1.000000
25,0.990000,0.650000,24,1.000000
25,0.990000,0.650000,24,1.000000
25,0.990000,0.650000,24,1.000000
25,0.990000,0.650000,24,1.000000
25,0.990000,0.650000,24,1.000000
25,0.990000,0.650000,24,1.000000
25,0.990000,0.650000,24,1.000000
25,0.990000,0.650000,24,1.000000
50,0.750000,0.350000,0,0.860000
50,0.750000,0.350000,0,0.840000
50,0.750000,0.350000,0,0.800000
50,0.750000,0.350000,0,0.900000
50,0.750000,0.350000,0,0.900000
50,0.750000,0.350000,0,0.880000
50,0.750000,0.350000,0,0.860000
50,0.750000,0.350000,0,0.960000
50,0.750000,0.350000,0,0.920000
50,0.750000,0.350000,0,0.920000
50,0.750000,0.350000,0,0.780000
50,0.750000,0.350000,0,0.920000
50,0.750000,0.350000,0,0.840000
50,0.750000,0.350000,0,0.860000
50,0.750000,0.350000,0,0.800000
50,0.750000,0.350000,0,0.940000
50,0.750000,0.350000,0,0.940000
50,0.750000,0.350000,0,0.780000
50,0.750000,0.350000,0,0.980000
50,0.750000,0.350000,0,0.920000
50,0.750000,0.350000,0,0.880000
50,0.750000,0.350000,0,0.880000
50,0.750000,0.350000,0,0.840000
50,0.750000,0.350000,0,0.880000
50,0.750000,0.350000,0,0.860000
50,0.750000,0.350000,0,0.900000
50,0.750000,0.350000,0,0.880000
50,0.750000,0.350000,0,0.920000
50,0.750000,0.350000,0,0.980000
50,0.750000,0.350000,0,0.920000
50,0.750000,0.350000,10,0.900000
50,0.750000,0.350000,10,0.925000
50,0.750000,0.350000,10,0.900000
50,0.750000,0.350000,10,0.975000
50,0.750000,0.350000,10,0.975000
50,0.750000,0.350000,10,0.950000
50,0.750000,0.350000,10,0.800000
50,0.750000,0.350000,10,0.775000
50,0.750000,0.350000,10,0.900000
50,0.750000,0.350000,10,0.900000
50,0.750000,0.350000,10,0.600000
50,0.750000,0.350000,10,0.725000
50,0.750000,0.350000,10,0.900000
50,0.750000,0.350000,10,0.900000
50,0.750000,0.350000,10,0.800000
50,0.750000,0.350000,10,0.925000
50,0.750000,0.350000,10,0.825000
50,0.750000,0.350000,10,0.850000
50,0.750000,0.350000,10,0.850000
50,0.750000,0.350000,10,0.825000
50,0.750000,0.350000,10,0.700000
50,0.750000,0.350000,10,0.900000
50,0.750000,0.350000,10,0.825000
50,0.750000,0.350000,10,0.850000
50,0.750000,0.350000,10,0.925000
50,0.750000,0.350000,10,0.900000
50,0.750000,0.350000,10,0.800000
50,0.750000,0.350000,10,0.900000
50,0.750000,0.350000,10,0.925000
50,0.750000,0.350000,10,0.850000
50,0.750000,0.350000,15,0.971429
50,0.750000,0.350000,15,0.942857
50,0.750000,0.350000,15,0.800000
50,0.750000,0.350000,15,0.885714
50,0.750000,0.350000,15,0.942857
50,0.750000,0.350000,15,0.828571
50,0.750000,0.350000,15,0.800000
50,0.750000,0.350000,15,0.914286
50,0.750000,0.350000,15,0.914286
50,0.750000,0.350000,15,0.914286
50,0.750000,0.350000,15,0.914286
50,0.750000,0.350000,15,0.914286
50,0.750000,0.350000,15,0.800000
50,0.750000,0.350000,15,0.742857
50,0.750000,0.350000,15,0.914286
50,0.750000,0.350000,15,0.885714
50,0.750000,0.350000,15,0.971429
50,0.750000,0.350000,15,0.714286
50,0.750000,0.350000,15,0.914286
50,0.750000,0.350000,15,0.857143
50,0.750000,0.350000,15,0.800000
50,0.750000,0.350000,15,0.800000
50,0.750000,0.350000,15,0.885714
50,0.750000,0.350000,15,0.857143
50,0.750000,0.350000,15,0.885714
50,0.750000,0.350000,15,0.828571
50,0.750000,0.350000,15,0.800000
50,0.750000,0.350000,15,0.800000
50,0.750000,0.350000,15,0.857143
50,0.750000,0.350000,15,0.828571
50,0.750000,0.350000,16,0.823529
50,0.750000,0.350000,16,1.000000
50,0.750000,0.350000,16,0.911765
50,0.750000,0.350000,16,0.823529
50,0.750000,0.350000,16,0.941176
50,0.750000,0.350000,16,0.735294
50,0.750000,0.350000,16,0.852941
50,0.750000,0.350000,16,0.764706
50,0.750000,0.350000,16,0.882353
50,0.750000,0.350000,16,0.852941
50,0.750000,0.350000,16,0.882353
50,0.750000,0.350000,16,0.970588
50,0.750000,0.350000,16,0.911765
50,0.750000,0.350000,16,1.000000
50,0.750000,0.350000,16,0.794118
50,0.750000,0.350000,16,0.794118
50,0.750000,0.350000,16,0.794118
50,0.750000,0.350000,16,0.823529
50,0.750000,0.350000,16,0.941176
50,0.750000,0.350000,16,0.941176
50,0.750000,0.350000,16,0.970588
50,0.750000,0.350000,16,0.852941
50,0.750000,0.350000,16,0.735294
50,0.750000,0.350000,16,0.823529
50,0.750000,0.350000,16,0.882353
50,0.750000,0.350000,16,0.705882
50,0.750000,0.350000,16,0.911765
50,0.750000,0.350000,16,0.941176
50,0.750000,0.350000,16,0.823529
50,0.750000,0.350000,16,0.852941
50,0.750000,0.350000,17,0.909091
50,0.750000,0.350000,17,0.878788
50,0.750000,0.350000,17,0.909091
50,0.750000,0.350000,17,0.909091
50,0.750000,0.350000,17,0.696970
50,0.750000,0.350000,17,0.818182
50,0.750000,0.350000,17,0.939394
50,0.750000,0.350000,17,0.818182
50,0.750000,0.350000,17,0.787879
50,0.750000,0.350000,17,0.939394
50,0.750000,0.350000,17,0.909091
50,0.750000,0.350000,17,0.636364
50,0.750000,0.350000,17,0.848485
50,0.750000,0.350000,17,0.787879
50,0.750000,0.350000,17,0.818182
50,0.750000,0.350000,17,0.939394
50,0.750000,0.350000,17,0.818182
50,0.750000,0.350000,17,0.818182
50,0.750000,0.350000,17,0.909091
50,0.750000,0.350000,17,0.909091
50,0.750000,0.350000,17,0.969697
50,0.750000,0.350000,17,0.909091
50,0.750000,0.350000,17,0.909091
50,0.750000,0.350000,17,0.848485
50,0.750000,0.350000,17,0.818182
50,0.750000,0.350000,17,0.818182
50,0.750000,0.350000,17,0.848485
50,0.750000,0.350000,17,0.818182
50,0.750000,0.350000,17,0.727273
50,0.750000,0.350000,17,0.878788
50,0.750000,0.350000,18,0.687500
50,0.750000,0.350000,18,0.906250
50,0.750000,0.350000,18,0.937500
50,0.750000,0.350000,18,0.781250
50,0.750000,0.350000,18,0.750000
50,0.750000,0.350000,18,0.937500
50,0.750000,0.350000,18,0.750000
50,0.750000,0.350000,18,0.812500
50,0.750000,0.350000,18,0.906250
50,0.750000,0.350000,18,0.875000
50,0.750000,0.350000,18,0.718750
50,0.750000,0.350000,18,0.781250
50,0.750000,0.350000,18,0.937500
50,0.750000,0.350000,18,0.843750
50,0.750000,0.350000,18,0.906250
50,0.750000,0.350000,18,1.000000
50,0.750000,0.350000,18,0.937500
50,0.750000,0.350000,18,0.968750
50,0.750000,0.350000,18,0.906250
50,0.750000,0.350000,18,0.781250
50,0.750000,0.350000,18,0.968750
50,0.750000,0.350000,18,0.812500
50,0.750000,0.350000,18,0.968750
50,0.750000,0.350000,18,0.875000
50,0.750000,0.350000,18,0.750000
50,0.750000,0.350000,18,0.968750
50,0.750000,0.350000,18,0.781250
50,0.750000,0.350000,18,0.906250
50,0.750000,0.350000,18,0.843750
50,0.750000,0.350000,18,1.000000
50,0.750000,0.350000,19,0.870968
50,0.750000,0.350000,19,0.774194
50,0.750000,0.350000,19,0.677419
50,0.750000,0.350000,19,0.838710
50,0.750000,0.350000,19,1.000000
50,0.750000,0.350000,19,0.903226
50,0.750000,0.350000,19,0.870968
50,0.750000,0.350000,19,0.806452
50,0.750000,0.350000,19,0.967742
50,0.750000,0.350000,19,0.870968
50,0.750000,0.350000,19,0.838710
50,0.750000,0.350000,19,0.838710
50,0.750000,0.350000,19,0.774194
50,0.750000,0.350000,19,0.774194
50,0.750000,0.350000,19,0.935484
50,0.750000,0.350000,19,0.806452
50,0.750000,0.350000,19,0.903226
50,0.750000,0.350000,19,1.000000
50,0.750000,0.350000,19,0.806452
50,0.750000,0.350000,19,0.741935
50,0.750000,0.350000,19,0.870968
50,0.750000,0.350000,19,0.838710
50,0.750000,0.350000,19,0.741935
50,0.750000,0.350000,19,0.838710
50,0.750000,0.350000,19,0.967742
50,0.750000,0.350000,19,0.967742
50,0.750000,0.350000,19,0.838710
50,0.750000,0.350000,19,0.935484
50,0.750000,0.350000,19,0.645161
50,0.750000,0.350000,19,0.838710
50,0.750000,0.350000,20,0.866667
50,0.750000,0.350000,20,0.866667
50,0.750000,0.350000,20,0.866667
50,0.750000,0.350000,20,0.933333
50,0.750000,0.350000,20,0.866667
50,0.750000,0.350000,20,0.700000
50,0.750000,0.350000,20,0.966667
50,0.750000,0.350000,20,0.933333
50,0.750000,0.350000,20,0.833333
50,0.750000,0.350000,20,0.800000
50,0.750000,0.350000,20,0.966667
50,0.750000,0.350000,20,0.766667
50,0.750000,0.350000,20,0.733333
50,0.750000,0.350000,20,0.866667
50,0.750000,0.350000,20,0.933333
50,0.750000,0.350000,20,0.933333
50,0.750000,0.350000,20,0.800000
50,0.750000,0.350000,20,0.833333
50,0.750000,0.350000,20,0.900000
50,0.750000,0.350000,20,0.933333
50,0.750000,0.350000,20,0.866667
50,0.750000,0.350000,20,0.800000
50,0.750000,0.350000,20,0.800000
50,0.750000,0.350000,20,0.833333
50,0.750000,0.350000,20,0.733333
50,0.750000,0.350000,20,0.833333
50,0.750000,0.350000,20,0.833333
50,0.750000,0.350000,20,0.866667
50,0.750000,0.350000,20,0.933333
50,0.750000,0.350000,20,1.000000
50,0.750000,0.350000,21,0.862069
50,0.750000,0.350000,21,0.965517
50,0.750000,0.350000,21,0.827586
50,0.750000,0.350000,21,0.827586
50,0.750000,0.350000,21,0.862069
50,0.750000,0.350000,21,0.827586
50,0.750000,0.350000,21,0.827586
50,0.750000,0.350000,21,0.827586
50,0.750000,0.350000,21,0.724138
50,0.750000,0.350000,21,0.931035
50,0.750000,0.350000,21,0.896552
50,0.750000,0.350000,21,0.862069
50,0.750000,0.350000,21,0.793103
50,0.750000,0.350000,21,0.965517
50,0.750000,0.350000,21,0.965517
50,0.750000,0.350000,21,0.931035
50,0.750000,0.350000,21,0.793103
50,0.750000,0.350000,21,0.965517
50,0.750000,0.350000,21,0.862069
50,0.750000,0.350000,21,0.931035
50,0.750000,0.350000,21,0.965517
50,0.750000,0.350000,21,0.896552
50,0.750000,0.350000,21,0.896552
50,0.750000,0.350000,21,0.896552
50,0.750000,0.350000,21,0.862069
50,0.750000,0.350000,21,0.896552
50,0.750000,0.350000,21,0.862069
50,0.750000,0.350000,21,0.896552
50,0.750000,0.350000,21,0.689655
50,0.750000,0.350000,21,0.724138
50,0.750000,0.350000,22,0.892857
50,0.750000,0.350000,22,0.714286
50,0.750000,0.350000,22,0.928571
50,0.750000,0.350000,22,0.785714
50,0.750000,0.350000,22,0.857143
50,0.750000,0.350000,22,0.928571
50,0.750000,0.350000,22,0.607143
50,0.750000,0.350000,22,0.857143
50,0.750000,0.350000,22,0.714286
50,0.750000,0.350000,22,0.892857
50,0.750000,0.350000,22,0.964286
50,0.750000,0.350000,22,0.714286
50,0.750000,0.350000,22,0.857143
50,0.750000,0.350000,22,0.964286
50,0.750000,0.350000,22,0.892857
50,0.750000,0.350000,22,0.857143
50,0.750000,0.350000,22,0.785714
50,0.750000,0.350000,22,0.821429
50,0.750000,0.350000,22,0.892857
50,0.750000,0.350000,22,0.892857
50,0.750000,0.350000,22,1.000000
50,0.750000,0.350000,22,0.964286
50,0.750000,0.350000,22,0.821429
50,0.750000,0.350000,22,0.750000
50,0.750000,0.350000,22,0.857143
50,0.750000,0.350000,22,0.928571
50,0.750000,0.350000,22,0.714286
50,0.750000,0.350000,22,1.000000
50,0.750000,0.350000,22,0.928571
50,0.750000,0.350000,22,0.892857
50,0.750000,0.350000,23,0.962963
50,0.750000,0.350000,23,0.851852
50,0.750000,0.350000,23,0.925926
50,0.750000,0.350000,23,0.814815
50,0.750000,0.350000,23,0.962963
50,0.750000,0.350000,23,0.777778
50,0.750000,0.350000,23,1.000000
50,0.750000,0.350000,23,0.888889
50,0.750000,0.350000,23,0.666667
50,0.750000,0.350000,23,0.814815
50,0.750000,0.350000,23,0.740741
50,0.750000,0.350000,23,1.000000
50,0.750000,0.350000,23,0.925926
50,0.750000,0.350000,23,0.888889
50,0.750000,0.350000,23,0.814815
50,0.750000,0.350000,23,1.000000
50,0.750000,0.350000,23,0.962963
50,0.750000,0.350000,23,0.814815
50,0.750000,0.350000,23,0.962963
50,0.750000,0.350000,23,0.925926
50,0.750000,0.350000,23,0.814815
50,0.750000,0.350000,23,0.851852
50,0.750000,0.350000,23,0.740741
50,0.750000,0.350000,23,0.925926
50,0.750000,0.350000,23,0.777778
50,0.750000,0.350000,23,0.851852
50,0.750000,0.350000,23,0.814815
50,0.750000,0.350000,23,0.740741
50,0.750000,0.350000,23,0.777778
50,0.750000,0.350000,23,0.962963
50,0.750000,0.350000,24,0.923077
50,0.750000,0.350000,24,0.615385
50,0.750000,0.350000,24,0.884615
50,0.750000,0.350000,24,0.884615
50,0.750000,0.350000,24,0.884615
50,0.750000,0.350000,24,0.769231
50,0.750000,0.350000,24,0.807692
50,0.750000,0.350000,24,0.807692
50,0.750000,0.350000,24,0.846154
50,0.750000,0.350000,24,0.884615
50,0.750000,0.350000,24,0.730769
50,0.750000,0.350000,24,0.807692
50,0.750000,0.350000,24,0.769231
50,0.750000,0.350000,24,0.807692
50,0.750000,0.350000,24,0.807692
50,0.750000,0.350000,24,0.846154
50,0.750000,0.350000,24,0.923077
50,0.750000,0.350000,24,0.769231
50,0.750000,0.350000,24,0.807692
50,0.750000,0.350000,24,0.769231
50,0.750000,0.350000,24,0.884615
50,0.750000,0.350000,24,0.846154
50,0.750000,0.350000,24,0.807692
50,0.750000,0.350000,24,0.961538
50,0.750000,0.350000,24,0.653846
50,0.750000,0.350000,24,0.769231
50,0.750000,0.350000,24,0.807692
50,0.750000,0.350000,24,0.769231
50,0.750000,0.350000,24,0.769231
50,0.750000,0.350000,24,0.961538
50,0.750000,0.650000,0,0.980000
50,0.750000,0.650000,0,0.960000
50,0.750000,0.650000,0,1.000000
50,0.750000,0.650000,0,1.000000
50,0.750000,0.650000,0,0.940000
50,0.750000,0.650000,0,1.000000
50,0.750000,0.650000,0,0.980000
50,0.750000,0.650000,0,0.980000
50,0.750000,0.650000,0,0.980000
50,0.750000,0.650000,0,0.980000
50,0.750000,0.650000,0,1.000000
50,0.750000,0.650000,0,1.000000
50,0.750000,0.650000,0,0.960000
50,0.750000,0.650000,0,0.940000
50,0.750000,0.650000,0,1.000000
50,0.750000,0.650000,0,1.000000
50,0.750000,0.650000,0,1.000000
50,0.750000,0.650000,0,0.900000
50,0.750000,0.650000,0,0.940000
50,0.750000,0.650000,0,0.960000
50,0.750000,0.650000,0,1.000000
50,0.750000,0.650000,0,0.940000
50,0.750000,0.650000,0,0.980000
50,0.750000,0.650000,0,1.000000
50,0.750000,0.650000,0,1.000000
50,0.750000,0.650000,0,1.000000
50,0.750000,0.650000,0,0.980000
50,0.750000,0.650000,0,1.000000
50,0.750000,0.650000,0,0.960000
50,0.750000,0.650000,0,1.000000
50,0.750000,0.650000,10,0.900000
50,0.750000,0.650000,10,0.950000
50,0.750000,0.650000,10,0.925000
50,0.750000,0.650000,10,0.900000
50,0.750000,0.650000,10,0.875000
50,0.750000,0.650000,10,0.950000
50,0.750000,0.650000,10,0.950000
50,0.750000,0.650000,10,0.925000
50,0.750000,0.650000,10,0.950000
50,0.750000,0.650000,10,0.975000
50,0.750000,0.650000,10,0.850000
50,0.750000,0.650000,10,0.975000
50,0.750000,0.650000,10,0.925000
50,0.750000,0.650000,10,0.950000
50,0.750000,0.650000,10,0.950000
50,0.750000,0.650000,10,0.925000
50,0.750000,0.650000,10,0.925000
50,0.750000,0.650000,10,0.975000
50,0.750000,0.650000,10,0.975000
50,0.750000,0.650000,10,0.975000
50,0.750000,0.650000,10,0.875000
50,0.750000,0.650000,10,0.975000
50,0.750000,0.650000,10,0.975000
50,0.750000,0.650000,10,0.950000
50,0.750000,0.650000,10,0.975000
50,0.750000,0.650000,10,0.950000
50,0.750000,0.650000,10,1.000000
50,0.750000,0.650000,10,0.925000
50,0.750000,0.650000,10,0.975000
50,0.750000,0.650000,10,0.925000
50,0.750000,0.650000,15,0.971429
50,0.750000,0.650000,15,0.971429
50,0.750000,0.650000,15,0.885714
50,0.750000,0.650000,15,0.942857
50,0.750000,0.650000,15,0.914286
50,0.750000,0.650000,15,0.885714
50,0.750000,0.650000,15,0.885714
50,0.750000,0.650000,15,0.914286
50,0.750000,0.650000,15,0.971429
50,0.750000,0.650000,15,0.885714
50,0.750000,0.650000,15,0.914286
50,0.750000,0.650000,15,0.942857
50,0.750000,0.650000,15,1.000000
50,0.750000,0.650000,15,1.000000
50,0.750000,0.650000,15,0.800000
50,0.750000,0.650000,15,1.000000
50,0.750000,0.650000,15,1.000000
50,0.750000,0.650000,15,0.914286
50,0.750000,0.650000,15,0.914286
50,0.750000,0.650000,15,0.971429
50,0.750000,0.650000,15,1.000000
50,0.750000,0.650000,15,1.000000
50,0.750000,0.650000,15,0.942857
50,0.750000,0.650000,15,1.000000
50,0.750000,0.650000,15,0.914286
50,0.750000,0.650000,15,0.971429
50,0.750000,0.650000,15,0.914286
50,0.750000,0.650000,15,0.971429
50,0.750000,0.650000,15,0.942857
50,0.750000,0.650000,15,0.828571
50,0.750000,0.650000,16,0.970588
50,0.750000,0.650000,16,0.823529
50,0.750000,0.650000,16,0.911765
50,0.750000,0.650000,16,1.000000
50,0.750000,0.650000,16,0.941176
50,0.750000,0.650000,16,0.970588
50,0.750000,0.650000,16,1.000000
50,0.750000,0.650000,16,0.941176
50,0.750000,0.650000,16,0.941176
50,0.750000,0.650000,16,0.941176
50,0.750000,0.650000,16,0.735294
50,0.750000,0.650000,16,0.970588
50,0.750000,0.650000,16,0.970588
50,0.750000,0.650000,16,0.970588
50,0.750000,0.650000,16,0.970588
50,0.750000,0.650000,16,0.882353
50,0.750000,0.650000,16,1.000000
50,0.750000,0.650000,16,0.911765
50,0.750000,0.650000,16,0.970588
50,0.750000,0.650000,16,0.941176
50,0.750000,0.650000,16,0.941176
50,0.750000,0.650000,16,0.970588
50,0.750000,0.650000,16,1.000000
50,0.750000,0.650000,16,0.882353
50,0.750000,0.650000,16,0.911765
50,0.750000,0.650000,16,0.794118
50,0.750000,0.650000,16,0.852941
50,0.750000,0.650000,16,0.970588
50,0.750000,0.650000,16,0.852941
50,0.750000,0.650000,16,1.000000
50,0.750000,0.650000,17,0.939394
50,0.750000,0.650000,17,0.878788
50,0.750000,0.650000,17,0.939394
50,0.750000,0.650000,17,1.000000
50,0.750000,0.650000,17,1.000000
50,0.750000,0.650000,17,0.848485
50,0.750000,0.650000,17,0.939394
50,0.750000,0.650000,17,0.939394
50,0.750000,0.650000,17,0.909091
50,0.750000,0.650000,17,1.000000
50,0.750000,0.650000,17,0.969697
50,0.750000,0.650000,17,1.000000
50,0.750000,0.650000,17,0.909091
50,0.750000,0.650000,17,0.878788
50,0.750000,0.650000,17,0.969697
50,0.750000,0.650000,17,0.939394
50,0.750000,0.650000,17,0.969697
50,0.750000,0.650000,17,0.939394
50,0.750000,0.650000,17,1.000000
50,0.750000,0.650000,17,0.848485
50,0.750000,0.650000,17,0.939394
50,0.750000,0.650000,17,0.909091
50,0.750000,0.650000,17,0.969697
50,0.750000,0.650000,17,0.939394
50,0.750000,0.650000,17,0.939394
50,0.750000,0.650000,17,0.878788
50,0.750000,0.650000,17,0.727273
50,0.750000,0.650000,17,1.000000
50,0.750000,0.650000,17,0.939394
50,0.750000,0.650000,17,0.969697
50,0.750000,0.650000,18,0.937500
50,0.750000,0.650000,18,0.968750
50,0.750000,0.650000,18,1.000000
50,0.750000,0.650000,18,0.968750
50,0.750000,0.650000,18,0.812500
50,0.750000,0.650000,18,0.906250
50,0.750000,0.650000,18,0.937500
50,0.750000,0.650000,18,0.937500
50,0.750000,0.650000,18,0.875000
50,0.750000,0.650000,18,0.906250
50,0.750000,0.650000,18,0.906250
50,0.750000,0.650000,18,0.843750
50,0.750000,0.650000,18,0.937500
50,0.750000,0.650000,18,1.000000
50,0.750000,0.650000,18,0.968750
50,0.750000,0.650000,18,1.000000
50,0.750000,0.650000,18,0.906250
50,0.750000,0.650000,18,1.000000
50,0.750000,0.650000,18,1.000000
50,0.750000,0.650000,18,1.000000
50,0.750000,0.650000,18,1.000000
50,0.750000,0.650000,18,0.781250
50,0.750000,0.650000,18,1.000000
50,0.750000,0.650000,18,0.968750
50,0.750000,0.650000,18,0.937500
50,0.750000,0.650000,18,0.968750
50,0.750000,0.650000,18,0.937500
50,0.750000,0.650000,18,0.875000
50,0.750000,0.650000,18,0.937500
50,0.750000,0.650000,18,0.937500
50,0.750000,0.650000,19,1.000000
50,0.750000,0.650000,19,1.000000
50,0.750000,0.650000,19,0.806452
50,0.750000,0.650000,19,0.967742
50,0.750000,0.650000,19,0.967742
50,0.750000,0.650000,19,0.967742
50,0.750000,0.650000,19,0.935484
50,0.750000,0.650000,19,0.903226
50,0.750000,0.650000,19,0.903226
50,0.750000,0.650000,19,0.806452
50,0.750000,0.650000,19,0.870968
50,0.750000,0.650000,19,1.000000
50,0.750000,0.650000,19,0.903226
50,0.750000,0.650000,19,0.903226
50,0.750000,0.650000,19,0.967742
50,0.750000,0.650000,19,0.806452
50,0.750000,0.650000,19,0.935484
50,0.750000,0.650000,19,0.935484
50,0.750000,0.650000,19,1.000000
50,0.750000,0.650000,19,0.709677
50,0.750000,0.650000,19,0.967742
50,0.750000,0.650000,19,0.935484
50,0.750000,0.650000,19,0.967742
50,0.750000,0.650000,19,0.967742
50,0.750000,0.650000,19,0.935484
50,0.750000,0.650000,19,0.903226
50,0.750000,0.650000,19,0.870968
50,0.750000,0.650000,19,0.838710
50,0.750000,0.650000,19,1.000000
50,0.750000,0.650000,19,0.870968
50,0.750000,0.650000,20,0.900000
50,0.750000,0.650000,20,0.966667
50,0.750000,0.650000,20,0.800000
50,0.750000,0.650000,20,0.933333
50,0.750000,0.650000,20,0.966667
50,0.750000,0.650000,20,0.900000
50,0.750000,0.650000,20,0.966667
50,0.750000,0.650000,20,1.000000
50,0.750000,0.650000,20,1.000000
50,0.750000,0.650000,20,0.966667
50,0.750000,0.650000,20,1.000000
50,0.750000,0.650000,20,0.833333
50,0.750000,0.650000,20,0.966667
50,0.750000,0.650000,20,1.000000
50,0.750000,0.650000,20,0.966667
50,0.750000,0.650000,20,1.000000
50,0.750000,0.650000,20,0.966667
50,0.750000,0.650000,20,1.000000
50,0.750000,0.650000,20,0.933333
50,0.750000,0.650000,20,0.933333
50,0.750000,0.650000,20,0.866667
50,0.750000,0.650000,20,1.000000
50,0.750000,0.650000,20,0.900000
50,0.750000,0.650000,20,0.966667
50,0.750000,0.650000,20,0.800000
50,0.750000,0.650000,20,0.966667
50,0.750000,0.650000,20,0.733333
50,0.750000,0.650000,20,0.966667
50,0.750000,0.650000,20,0.900000
50,0.750000,0.650000,20,0.833333
50,0.750000,0.650000,21,0.965517
50,0.750000,0.650000,21,0.827586
50,0.750000,0.650000,21,1.000000
50,0.750000,0.650000,21,1.000000
50,0.750000,0.650000,21,1.000000
50,0.750000,0.650000,21,1.000000
50,0.750000,0.650000,21,0.965517
50,0.750000,0.650000,21,0.896552
50,0.750000,0.650000,21,0.931035
50,0.750000,0.650000,21,1.000000
50,0.750000,0.650000,21,0.827586
50,0.750000,0.650000,21,1.000000
50,0.750000,0.650000,21,0.965517
50,0.750000,0.650000,21,0.896552
50,0.750000,0.650000,21,1.000000
50,0.750000,0.650000,21,1.000000
50,0.750000,0.650000,21,0.724138
50,0.750000,0.650000,21,0.965517
50,0.750000,0.650000,21,1.000000
50,0.750000,0.650000,21,1.000000
50,0.750000,0.650000,21,0.862069
50,0.750000,0.650000,21,0.896552
50,0.750000,0.650000,21,0.931035
50,0.750000,0.650000,21,1.000000
50,0.750000,0.650000,21,1.000000
50,0.750000,0.650000,21,1.000000
50,0.750000,0.650000,21,1.000000
50,0.750000,0.650000,21,0.896552
50,0.750000,0.650000,21,0.931035
50,0.750000,0.650000,21,0.793103
50,0.750000,0.650000,22,1.000000
50,0.750000,0.650000,22,0.857143
50,0.750000,0.650000,22,0.928571
50,0.750000,0.650000,22,0.892857
50,0.750000,0.650000,22,1.000000
50,0.750000,0.650000,22,1.000000
50,0.750000,0.650000,22,0.964286
50,0.750000,0.650000,22,0.928571
50,0.750000,0.650000,22,0.892857
50,0.750000,0.650000,22,1.000000
50,0.750000,0.650000,22,0.928571
50,0.750000,0.650000,22,0.821429
50,0.750000,0.650000,22,0.857143
50,0.750000,0.650000,22,0.857143
50,0.750000,0.650000,22,0.964286
50,0.750000,0.650000,22,0.678571
50,0.750000,0.650000,22,0.892857
50,0.750000,0.650000,22,0.964286
50,0.750000,0.650000,22,1.000000
50,0.750000,0.650000,22,0.928571
50,0.750000,0.650000,22,0.821429
50,0.750000,0.650000,22,0.964286
50,0.750000,0.650000,22,0.821429
50,0.750000,0.650000,22,0.928571
50,0.750000,0.650000,22,1.000000
50,0.750000,0.650000,22,0.642857
50,0.750000,0.650000,22,0.928571
50,0.750000,0.650000,22,1.000000
50,0.750000,0.650000,22,0.821429
50,0.750000,0.650000,22,0.892857
50,0.750000,0.650000,23,0.777778
50,0.750000,0.650000,23,0.925926
50,0.750000,0.650000,23,0.888889
50,0.750000,0.650000,23,0.814815
50,0.750000,0.650000,23,1.000000
50,0.750000,0.650000,23,0.962963
50,0.750000,0.650000,23,0.925926
50,0.750000,0.650000,23,0.925926
50,0.750000,0.650000,23,0.851852
50,0.750000,0.650000,23,1.000000
50,0.750000,0.650000,23,0.814815
50,0.750000,0.650000,23,1.000000
50,0.750000,0.650000,23,0.888889
50,0.750000,0.650000,23,0.962963
50,0.750000,0.650000,23,0.814815
50,0.750000,0.650000,23,0.666667
50,0.750000,0.650000,23,0.888889
50,0.750000,0.650000,23,1.000000
50,0.750000,0.650000,23,0.962963
50,0.750000,0.650000,23,0.888889
50,0.750000,0.650000,23,0.777778
50,0.750000,0.650000,23,1.000000
50,0.750000,0.650000,23,0.888889
50,0.750000,0.650000,23,1.000000
50,0.750000,0.650000,23,0.962963
50,0.750000,0.650000,23,0.962963
50,0.750000,0.650000,23,0.962963
50,0.750000,0.650000,23,0.888889
50,0.750000,0.650000,23,0.888889
50,0.750000,0.650000,23,0.888889
50,0.750000,0.650000,24,0.923077
50,0.750000,0.650000,24,1.000000
50,0.750000,0.650000,24,0.923077
50,0.750000,0.650000,24,0.923077
50,0.750000,0.650000,24,0.807692
50,0.750000,0.650000,24,0.884615
50,0.750000,0.650000,24,0.846154
50,0.750000,0.650000,24,1.000000
50,0.750000,0.650000,24,1.000000
50,0.750000,0.650000,24,0.884615
50,0.750000,0.650000,24,1.000000
50,0.750000,0.650000,24,1.000000
50,0.750000,0.650000,24,0.923077
50,0.750000,0.650000,24,0.769231
50,0.750000,0.650000,24,0.923077
50,0.750000,0.650000,24,1.000000
50,0.750000,0.650000,24,0.961538
50,0.750000,0.650000,24,0.884615
50,0.750000,0.650000,24,0.923077
50,0.750000,0.650000,24,0.961538
50,0.750000,0.650000,24,0.846154
50,0.750000,0.650000,24,1.000000
50,0.750000,0.650000,24,0.923077
50,0.750000,0.650000,24,0.846154
50,0.750000,0.650000,24,0.846154
50,0.750000,0.650000,24,0.961538
50,0.750000,0.650000,24,0.961538
50,0.750000,0.650000,24,0.884615
50,0.750000,0.650000,24,0.807692
50,0.750000,0.650000,24,0.730769
50,0.990000,0.350000,0,1.000000
50,0.990000,0.350000,0,0.980000
50,0.990000,0.350000,0,1.000000
50,0.990000,0.350000,0,1.000000
50,0.990000,0.350000,0,1.000000
50,0.990000,0.350000,0,1.000000
50,0.990000,0.350000,0,1.000000
50,0.990000,0.350000,0,1.000000
50,0.990000,0.350000,0,1.000000
50,0.990000,0.350000,0,1.000000
50,0.990000,0.350000,0,1.000000
50,0.990000,0.350000,0,0.960000
50,0.990000,0.350000,0,0.980000
50,0.990000,0.350000,0,1.000000
50,0.990000,0.350000,0,1.000000
50,0.990000,0.350000,0,1.000000
50,0.990000,0.350000,0,1.000000
50,0.990000,0.350000,0,1.000000
50,0.990000,0.350000,0,0.960000
50,0.990000,0.350000,0,1.000000
50,0.990000,0.350000,0,1.000000
50,0.990000,0.350000,0,0.960000
50,0.990000,0.350000,0,1.000000
50,0.990000,0.350000,0,0.980000
50,0.990000,0.350000,0,1.000000
50,0.990000,0.350000,0,1.000000
50,0.990000,0.350000,0,1.000000
50,0.990000,0.350000,0,1.000000
50,0.990000,0.350000,0,1.000000
50,0.990000,0.350000,0,0.960000
50,0.990000,0.350000,10,1.000000
50,0.990000,0.350000,10,1.000000
50,0.990000,0.350000,10,1.000000
50,0.990000,0.350000,10,0.950000
50,0.990000,0.350000,10,1.000000
50,0.990000,0.350000,10,1.000000
50,0.990000,0.350000,10,1.000000
50,0.990000,0.350000,10,1.000000
50,0.990000,0.350000,10,1.000000
50,0.990000,0.350000,10,0.925000
50,0.990000,0.350000,10,1.000000
50,0.990000,0.350000,10,1.000000
50,0.990000,0.350000,10,1.000000
50,0.990000,0.350000,10,1.000000
50,0.990000,0.350000,10,1.000000
50,0.990000,0.350000,10,1.000000
50,0.990000,0.350000,10,1.000000
50,0.990000,0.350000,10,1.000000
50,0.990000,0.350000,10,1.000000
50,0.990000,0.350000,10,1.000000
50,0.990000,0.350000,10,1.000000
50,0.990000,0.350000,10,1.000000
50,0.990000,0.350000,10,1.000000
50,0.990000,0.350000,10,0.950000
50,0.990000,0.350000,10,1.000000
50,0.990000,0.350000,10,0.975000
50,0.990000,0.350000,10,1.000000
50,0.990000,0.350000,10,1.000000
50,0.990000,0.350000,10,0.975000
50,0.990000,0.350000,10,1.000000
50,0.990000,0.350000,15,1.000000
50,0.990000,0.350000,15,1.000000
50,0.990000,0.350000,15,1.000000
50,0.990000,0.350000,15,1.000000
50,0.990000,0.350000,15,0.971429
50,0.990000,0.350000,15,0.971429
50,0.990000,0.350000,15,1.000000
50,0.990000,0.350000,15,1.000000
50,0.990000,0.350000,15,0.942857
50,0.990000,0.350000,15,1.000000
50,0.990000,0.350000,15,1.000000
50,0.990000,0.350000,15,1.000000
50,0.990000,0.350000,15,1.000000
50,0.990000,0.350000,15,1.000000
50,0.990000,0.350000,15,1.000000
50,0.990000,0.350000,15,1.000000
50,0.990000,0.350000,15,1.000000
50,0.990000,0.350000,15,0.971429
50,0.990000,0.350000,15,1.000000
50,0.990000,0.350000,15,0.914286
50,0.990000,0.350000,15,0.971429
50,0.990000,0.350000,15,1.000000
50,0.990000,0.350000,15,1.000000
50,0.990000,0.350000,15,1.000000
50,0.990000,0.350000,15,0.942857
50,0.990000,0.350000,15,1.000000
50,0.990000,0.350000,15,1.000000
50,0.990000,0.350000,15,0.971429
50,0.990000,0.350000,15,1.000000
50,0.990000,0.350000,15,0.971429
50,0.990000,0.350000,16,1.000000
50,0.990000,0.350000,16,1.000000
50,0.990000,0.350000,16,1.000000
50,0.990000,0.350000,16,1.000000
50,0.990000,0.350000,16,1.000000
50,0.990000,0.350000,16,0.970588
50,0.990000,0.350000,16,0.970588
50,0.990000,0.350000,16,1.000000
50,0.990000,0.350000,16,1.000000
50,0.990000,0.350000,16,1.000000
50,0.990000,0.350000,16,1.000000
50,0.990000,0.350000,16,1.000000
50,0.990000,0.350000,16,1.000000
50,0.990000,0.350000,16,0.911765
50,0.990000,0.350000,16,0.970588
50,0.990000,0.350000,16,1.000000
50,0.990000,0.350000,16,1.000000
50,0.990000,0.350000,16,0.970588
50,0.990000,0.350000,16,1.000000
50,0.990000,0.350000,16,1.000000
50,0.990000,0.350000,16,0.970588
50,0.990000,0.350000,16,0.970588
50,0.990000,0.350000,16,1.000000
50,0.990000,0.350000,16,1.000000
50,0.990000,0.350000,16,1.000000
50,0.990000,0.350000,16,0.911765
50,0.990000,0.350000,16,1.000000
50,0.990000,0.350000,16,0.970588
50,0.990000,0.350000,16,1.000000
50,0.990000,0.350000,16,0.941176
50,0.990000,0.350000,17,1.000000
50,0.990000,0.350000,17,1.000000
50,0.990000,0.350000,17,1.000000
50,0.990000,0.350000,17,0.969697
50,0.990000,0.350000,17,1.000000
50,0.990000,0.350000,17,1.000000
50,0.990000,0.350000,17,1.000000
50,0.990000,0.350000,17,1.000000
50,0.990000,0.350000,17,1.000000
50,0.990000,0.350000,17,1.000000
50,0.990000,0.350000,17,1.000000
50,0.990000,0.350000,17,1.000000
50,0.990000,0.350000,17,1.000000
50,0.990000,0.350000,17,1.000000
50,0.990000,0.350000,17,1.000000
50,0.990000,0.350000,17,1.000000
50,0.990000,0.350000,17,1.000000
50,0.990000,0.350000,17,1.000000
50,0.990000,0.350000,17,1.000000
50,0.990000,0.350000,17,1.000000
50,0.990000,0.350000,17,1.000000
50,0.990000,0.350000,17,0.969697
50,0.990000,0.350000,17,1.000000
50,0.990000,0.350000,17,1.000000
50,0.990000,0.350000,17,1.000000
50,0.990000,0.350000,17,1.000000
50,0.990000,0.350000,17,0.939394
50,0.990000,0.350000,17,0.909091
50,0.990000,0.350000,17,1.000000
50,0.990000,0.350000,17,1.000000
50,0.990000,0.350000,18,1.000000
50,0.990000,0.350000,18,1.000000
50,0.990000,0.350000,18,1.000000
50,0.990000,0.350000,18,1.000000
50,0.990000,0.350000,18,1.000000
50,0.990000,0.350000,18,1.000000
50,0.990000,0.350000,18,1.000000
50,0.990000,0.350000,18,0.968750
50,0.990000,0.350000,18,1.000000
50,0.990000,0.350000,18,1.000000
50,0.990000,0.350000,18,1.000000
50,0.990000,0.350000,18,1.000000
50,0.990000,0.350000,18,1.000000
50,0.990000,0.350000,18,0.937500
50,0.990000,0.350000,18,1.000000
50,0.990000,0.350000,18,1.000000
50,0.990000,0.350000,18,1.000000
50,0.990000,0.350000,18,1.000000
50,0.990000,0.350000,18,1.000000
50,0.990000,0.350000,18,1.000000
50,0.990000,0.350000,18,1.000000
50,0.990000,0.350000,18,1.000000
50,0.990000,0.350000,18,1.000000
50,0.990000,0.350000,18,1.000000
50,0.990000,0.350000,18,1.000000
50,0.990000,0.350000,18,1.000000
50,0.990000,0.350000,18,0.968750
50,0.990000,0.350000,18,1.000000
50,0.990000,0.350000,18,1.000000
50,0.990000,0.350000,18,1.000000
50,0.990000,0.350000,19,0.935484
50,0.990000,0.350000,19,1.000000
50,0.990000,0.350000,19,1.000000
50,0.990000,0.350000,19,1.000000
50,0.990000,0.350000,19,1.000000
50,0.990000,0.350000,19,0.967742
50,0.990000,0.350000,19,1.000000
50,0.990000,0.350000,19,1.000000
50,0.990000,0.350000,19,1.000000
50,0.990000,0.350000,19,1.000000
50,0.990000,0.350000,19,1.000000
50,0.990000,0.350000,19,0.935484
50,0.990000,0.350000,19,1.000000
50,0.990000,0.350000,19,1.000000
50,0.990000,0.350000,19,1.000000
50,0.990000,0.350000,19,1.000000
50,0.990000,0.350000,19,0.967742
50,0.990000,0.350000,19,0.903226
50,0.990000,0.350000,19,0.935484
50,0.990000,0.350000,19,1.000000
50,0.990000,0.350000,19,1.000000
50,0.990000,0.350000,19,1.000000
50,0.990000,0.350000,19,0.967742
50,0.990000,0.350000,19,1.000000
50,0.990000,0.350000,19,1.000000
50,0.990000,0.350000,19,1.000000
50,0.990000,0.350000,19,0.903226
50,0.990000,0.350000,19,1.000000
50,0.990000,0.350000,19,0.870968
50,0.990000,0.350000,19,1.000000
50,0.990000,0.350000,20,0.966667
50,0.990000,0.350000,20,1.000000
50,0.990000,0.350000,20,0.966667
50,0.990000,0.350000,20,1.000000
50,0.990000,0.350000,20,1.000000
50,0.990000,0.350000,20,1.000000
50,0.990000,0.350000,20,0.900000
50,0.990000,0.350000,20,1.000000
50,0.990000,0.350000,20,1.000000
50,0.990000,0.350000,20,1.000000
50,0.990000,0.350000,20,1.000000
50,0.990000,0.350000,20,1.000000
50,0.990000,0.350000,20,1.000000
50,0.990000,0.350000,20,0.966667
50,0.990000,0.350000,20,1.000000
50,0.990000,0.350000,20,0.966667
50,0.990000,0.350000,20,0.933333
50,0.990000,0.350000,20,1.000000
50,0.990000,0.350000,20,1.000000
50,0.990000,0.350000,20,1.000000
50,0.990000,0.350000,20,1.000000
50,0.990000,0.350000,20,1.000000
50,0.990000,0.350000,20,1.000000
50,0.990000,0.350000,20,1.000000
50,0.990000,0.350000,20,1.000000
50,0.990000,0.350000,20,1.000000
50,0.990000,0.350000,20,0.933333
50,0.990000,0.350000,20,1.000000
50,0.990000,0.350000,20,1.000000
50,0.990000,0.350000,20,1.000000
50,0.990000,0.350000,21,1.000000
50,0.990000,0.350000,21,1.000000
50,0.990000,0.350000,21,1.000000
50,0.990000,0.350000,21,0.931035
50,0.990000,0.350000,21,1.000000
50,0.990000,0.350000,21,1.000000
50,0.990000,0.350000,21,0.965517
50,0.990000,0.350000,21,1.000000
50,0.990000,0.350000,21,1.000000
50,0.990000,0.350000,21,1.000000
50,0.990000,0.350000,21,0.931035
50,0.990000,0.350000,21,1.000000
50,0.990000,0.350000,21,0.965517
50,0.990000,0.350000,21,1.000000
50,0.990000,0.350000,21,1.000000
50,0.990000,0.350000,21,1.000000
50,0.990000,0.350000,21,0.931035
50,0.990000,0.350000,21,1.000000
50,0.990000,0.350000,21,0.931035
50,0.990000,0.350000,21,1.000000
50,0.990000,0.350000,21,1.000000
50,0.990000,0.350000,21,1.000000
50,0.990000,0.350000,21,0.931035
50,0.990000,0.350000,21,1.000000
50,0.990000,0.350000,21,1.000000
50,0.990000,0.350000,21,0.931035
50,0.990000,0.350000,21,1.000000
50,0.990000,0.350000,21,1.000000
50,0.990000,0.350000,21,1.000000
50,0.990000,0.350000,21,0.965517
50,0.990000,0.350000,22,1.000000
50,0.990000,0.350000,22,1.000000
50,0.990000,0.350000,22,1.000000
50,0.990000,0.350000,22,0.964286
50,0.990000,0.350000,22,1.000000
50,0.990000,0.350000,22,1.000000
50,0.990000,0.350000,22,1.000000
50,0.990000,0.350000,22,1.000000
50,0.990000,0.350000,22,1.000000
50,0.990000,0.350000,22,1.000000
50,0.990000,0.350000,22,1.000000
50,0.990000,0.350000,22,1.000000
50,0.990000,0.350000,22,1.000000
50,0.990000,0.350000,22,0.928571
50,0.990000,0.350000,22,1.000000
50,0.990000,0.350000,22,1.000000
50,0.990000,0.350000,22,0.964286
50,0.990000,0.350000,22,0.928571
50,0.990000,0.350000,22,1.000000
50,0.990000,0.350000,22,1.000000
50,0.990000,0.350000,22,1.000000
50,0.990000,0.350000,22,1.000000
50,0.990000,0.350000,22,1.000000
50,0.990000,0.350000,22,0.964286
50,0.990000,0.350000,22,1.000000
50,0.990000,0.350000,22,1.000000
50,0.990000,0.350000,22,1.000000
50,0.990000,0.350000,22,1.000000
50,0.990000,0.350000,22,1.000000
50,0.990000,0.350000,22,1.000000
50,0.990000,0.350000,23,1.000000
50,0.990000,0.350000,23,0.962963
50,0.990000,0.350000,23,1.000000
50,0.990000,0.350000,23,1.000000
50,0.990000,0.350000,23,1.000000
50,0.990000,0.350000,23,0.962963
50,0.990000,0.350000,23,1.000000
50,0.990000,0.350000,23,1.000000
50,0.990000,0.350000,23,1.000000
50,0.990000,0.350000,23,1.000000
50,0.990000,0.350000,23,1.000000
50,0.990000,0.350000,23,1.000000
50,0.990000,0.350000,23,1.000000
50,0.990000,0.350000,23,1.000000
50,0.990000,0.350000,23,1.000000
50,0.990000,0.350000,23,1.000000
50,0.990000,0.350000,23,1.000000
50,0.990000,0.350000,23,1.000000
50,0.990000,0.350000,23,1.000000
50,0.990000,0.350000,23,1.000000
50,0.990000,0.350000,23,1.000000
50,0.990000,0.350000,23,1.000000
50,0.990000,0.350000,23,1.000000
50,0.990000,0.350000,23,1.000000
50,0.990000,0.350000,23,1.000000
50,0.990000,0.350000,23,1.000000
50,0.990000,0.350000,23,1.000000
50,0.990000,0.350000,23,1.000000
50,0.990000,0.350000,23,1.000000
50,0.990000,0.350000,23,1.000000
50,0.990000,0.350000,24,1.000000
50,0.990000,0.350000,24,1.000000
50,0.990000,0.350000,24,1.000000
50,0.990000,0.350000,24,1.000000
50,0.990000,0.350000,24,1.000000
50,0.990000,0.350000,24,1.000000
50,0.990000,0.350000,24,1.000000
50,0.990000,0.350000,24,0.961538
50,0.990000,0.350000,24,1.000000
50,0.990000,0.350000,24,1.000000
50,0.990000,0.350000,24,1.000000
50,0.990000,0.350000,24,1.000000
50,0.990000,0.350000,24,1.000000
50,0.990000,0.350000,24,1.000000
50,0.990000,0.350000,24,0.961538
50,0.990000,0.350000,24,1.000000
50,0.990000,0.350000,24,1.000000
50,0.990000,0.350000,24,1.000000
50,0.990000,0.350000,24,0.923077
50,0.990000,0.350000,24,1.000000
50,0.990000,0.350000,24,1.000000
50,0.990000,0.350000,24,0.961538
50,0.990000,0.350000,24,1.000000
50,0.990000,0.350000,24,1.000000
50,0.990000,0.350000,24,1.000000
50,0.990000,0.350000,24,1.000000
50,0.990000,0.350000,24,1.000000
50,0.990000,0.350000,24,1.000000
50,0.990000,0.350000,24,1.000000
50,0.990000,0.350000,24,1.000000
50,0.990000,0.650000,0,1.000000
50,0.990000,0.650000,0,1.000000
50,0.990000,0.650000,0,1.000000
50,0.990000,0.650000,0,1.000000
50,0.990000,0.650000,0,1.000000
50,0.990000,0.650000,0,1.000000
50,0.990000,0.650000,0,1.000000
50,0.990000,0.650000,0,1.000000
50,0.990000,0.650000,0,1.000000
50,0.990000,0.650000,0,1.000000
50,0.990000,0.650000,0,1.000000
50,0.990000,0.650000,0,1.000000
50,0.990000,0.650000,0,1.000000
50,0.990000,0.650000,0,1.000000
50,0.990000,0.650000,0,1.000000
50,0.990000,0.650000,0,1.000000
50,0.990000,0.650000,0,1.000000
50,0.990000,0.650000,0,1.000000
50,0.990000,0.650000,0,1.000000
50,0.990000,0.650000,0,1.000000
50,0.990000,0.650000,0,1.000000
50,0.990000,0.650000,0,1.000000
50,0.990000,0.650000,0,1.000000
50,0.990000,0.650000,0,1.000000
50,0.990000,0.650000,0,1.000000
50,0.990000,0.650000,0,1.000000
50,0.990000,0.650000,0,0.980000
50,0.990000,0.650000,0,1.000000
50,0.990000,0.650000,0,1.000000
50,0.990000,0.650000,0,1.000000
50,0.990000,0.650000,10,1.000000
50,0.990000,0.650000,10,1.000000
50,0.990000,0.650000,10,0.975000
50,0.990000,0.650000,10,1.000000
50,0.990000,0.650000,10,1.000000
50,0.990000,0.650000,10,1.000000
50,0.990000,0.650000,10,1.000000
50,0.990000,0.650000,10,1.000000
50,0.990000,0.650000,10,1.000000
50,0.990000,0.650000,10,1.000000
50,0.990000,0.650000,10,1.000000
50,0.990000,0.650000,10,1.000000
50,0.990000,0.650000,10,1.000000
50,0.990000,0.650000,10,1.000000
50,0.990000,0.650000,10,1.000000
50,0.990000,0.650000,10,1.000000
50,0.990000,0.650000,10,0.975000
50,0.990000,0.650000,10,1.000000
50,0.990000,0.650000,10,1.000000
50,0.990000,0.650000,10,1.000000
50,0.990000,0.650000,10,1.000000
50,0.990000,0.650000,10,1.000000
50,0.990000,0.650000,10,1.000000
50,0.990000,0.650000,10,1.000000
50,0.990000,0.650000,10,1.000000
50,0.990000,0.650000,10,1.000000
50,0.990000,0.650000,10,1.000000
50,0.990000,0.650000,10,1.000000
50,0.990000,0.650000,10,1.000000
50,0.990000,0.650000,10,1.000000
50,0.990000,0.650000,15,1.000000
50,0.990000,0.650000,15,1.000000
50,0.990000,0.650000,15,1.000000
50,0.990000,0.650000,15,1.000000
50,0.990000,0.650000,15,1.000000
50,0.990000,0.650000,15,1.000000
50,0.990000,0.650000,15,1.000000
50,0.990000,0.650000,15,1.000000
50,0.990000,0.650000,15,1.000000
50,0.990000,0.650000,15,1.000000
50,0.990000,0.650000,15,1.000000
50,0.990000,0.650000,15,1.000000
50,0.990000,0.650000,15,1.000000
50,0.990000,0.650000,15,1.000000
50,0.990000,0.650000,15,1.000000
50,0.990000,0.650000,15,1.000000
50,0.990000,0.650000,15,1.000000
50,0.990000,0.650000,15,1.000000
50,0.990000,0.650000,15,1.000000
50,0.990000,0.650000,15,1.000000
50,0.990000,0.650000,15,1.000000
50,0.990000,0.650000,15,1.000000
50,0.990000,0.650000,15,1.000000
50,0.990000,0.650000,15,1.000000
50,0.990000,0.650000,15,1.000000
50,0.990000,0.650000,15,1.000000
50,0.990000,0.650000,15,0.971429
50,0.990000,0.650000,15,1.000000
50,0.990000,0.650000,15,1.000000
50,0.990000,0.650000,15,1.000000
50,0.990000,0.650000,16,1.000000
50,0.990000,0.650000,16,1.000000
50,0.990000,0.650000,16,1.000000
50,0.990000,0.650000,16,1.000000
50,0.990000,0.650000,16,1.000000
50,0.990000,0.650000,16,1.000000
50,0.990000,0.650000,16,0.970588
50,0.990000,0.650000,16,1.000000
50,0.990000,0.650000,16,1.000000
50,0.990000,0.650000,16,1.000000
50,0.990000,0.650000,16,1.000000
50,0.990000,0.650000,16,1.000000
50,0.990000,0.650000,16,1.000000
50,0.990000,0.650000,16,0.970588
50,0.990000,0.650000,16,1.000000
50,0.990000,0.650000,16,1.000000
50,0.990000,0.650000,16,1.000000
50,0.990000,0.650000,16,1.000000
50,0.990000,0.650000,16,1.000000
50,0.990000,0.650000,16,1.000000
50,0.990000,0.650000,16,1.000000
50,0.990000,0.650000,16,1.000000
50,0.990000,0.650000,16,1.000000
50,0.990000,0.650000,16,1.000000
50,0.990000,0.650000,16,1.000000
50,0.990000,0.650000,16,1.000000
50,0.990000,0.650000,16,1.000000
50,0.990000,0.650000,16,1.000000
50,0.990000,0.650000,16,1.000000
50,0.990000,0.650000,16,1.000000
50,0.990000,0.650000,17,1.000000
50,0.990000,0.650000,17,1.000000
50,0.990000,0.650000,17,1.000000
50,0.990000,0.650000,17,1.000000
50,0.990000,0.650000,17,1.000000
50,0.990000,0.650000,17,1.000000
50,0.990000,0.650000,17,1.000000
50,0.990000,0.650000,17,1.000000
50,0.990000,0.650000,17,1.000000
50,0.990000,0.650000,17,1.000000
50,0.990000,0.650000,17,1.000000
50,0.990000,0.650000,17,1.000000
50,0.990000,0.650000,17,1.000000
50,0.990000,0.650000,17,1.000000
50,0.990000,0.650000,17,1.000000
50,0.990000,0.650000,17,1.000000
50,0.990000,0.650000,17,1.000000
50,0.990000,0.650000,17,1.000000
50,0.990000,0.650000,17,1.000000
50,0.990000,0.650000,17,1.000000
50,0.990000,0.650000,17,1.000000
50,0.990000,0.650000,17,1.000000
50,0.990000,0.650000,17,1.000000
50,0.990000,0.650000,17,1.000000
50,0.990000,0.650000,17,1.000000
50,0.990000,0.650000,17,1.000000
50,0.990000,0.650000,17,1.000000
50,0.990000,0.650000,17,1.000000
50,0.990000,0.650000,17,0.969697
50,0.990000,0.650000,17,1.000000
50,0.990000,0.650000,18,1.000000
50,0.990000,0.650000,18,1.000000
50,0.990000,0.650000,18,1.000000
50,0.990000,0.650000,18,1.000000
50,0.990000,0.650000,18,1.000000
50,0.990000,0.650000,18,0.968750
50,0.990000,0.650000,18,1.000000
50,0.990000,0.650000,18,1.000000
50,0.990000,0.650000,18,1.000000
50,0.990000,0.650000,18,1.000000
50,0.990000,0.650000,18,1.000000
50,0.990000,0.650000,18,0.968750
50,0.990000,0.650000,18,1.000000
50,0.990000,0.650000,18,1.000000
50,0.990000,0.650000,18,1.000000
50,0.990000,0.650000,18,1.000000
50,0.990000,0.650000,18,1.000000
50,0.990000,0.650000,18,1.000000
50,0.990000,0.650000,18,1.000000
50,0.990000,0.650000,18,1.000000
50,0.990000,0.650000,18,1.000000
50,0.990000,0.650000,18,1.000000
50,0.990000,0.650000,18,1.000000
50,0.990000,0.650000,18,1.000000
50,0.990000,0.650000,18,1.000000
50,0.990000,0.650000,18,1.000000
50,0.990000,0.650000,18,1.000000
50,0.990000,0.650000,18,1.000000
50,0.990000,0.650000,18,1.000000
50,0.990000,0.650000,18,1.000000
50,0.990000,0.650000,19,1.000000
50,0.990000,0.650000,19,1.000000
50,0.990000,0.650000,19,1.000000
50,0.990000,0.650000,19,1.000000
50,0.990000,0.650000,19,1.000000
50,0.990000,0.650000,19,1.000000
50,0.990000,0.650000,19,1.000000
50,0.990000,0.650000,19,0.935484
50,0.990000,0.650000,19,1.000000
50,0.990000,0.650000,19,1.000000
50,0.990000,0.650000,19,0.967742
50,0.990000,0.650000,19,1.000000
50,0.990000,0.650000,19,1.000000
50,0.990000,0.650000,19,1.000000
50,0.990000,0.650000,19,1.000000
50,0.990000,0.650000,19,1.000000
50,0.990000,0.650000,19,1.000000
50,0.990000,0.650000,19,1.000000
50,0.990000,0.650000,19,1.000000
50,0.990000,0.650000,19,1.000000
50,0.990000,0.650000,19,1.000000
50,0.990000,0.650000,19,1.000000
50,0.990000,0.650000,19,0.903226
50,0.990000,0.650000,19,1.000000
50,0.990000,0.650000,19,1.000000
50,0.990000,0.650000,19,1.000000
50,0.990000,0.650000,19,1.000000
50,0.990000,0.650000,19,1.000000
50,0.990000,0.650000,19,1.000000
50,0.990000,0.650000,19,1.000000
50,0.990000,0.650000,20,1.000000
50,0.990000,0.650000,20,1.000000
50,0.990000,0.650000,20,1.000000
50,0.990000,0.650000,20,1.000000
50,0.990000,0.650000,20,1.000000
50,0.990000,0.650000,20,1.000000
50,0.990000,0.650000,20,0.966667
50,0.990000,0.650000,20,1.000000
50,0.990000,0.650000,20,1.000000
50,0.990000,0.650000,20,1.000000
50,0.990000,0.650000,20,1.000000
50,0.990000,0.650000,20,1.000000
50,0.990000,0.650000,20,1.000000
50,0.990000,0.650000,20,1.000000
50,0.990000,0.650000,20,1.000000
50,0.990000,0.650000,20,1.000000
50,0.990000,0.650000,20,1.000000
50,0.990000,0.650000,20,1.000000
50,0.990000,0.650000,20,1.000000
50,0.990000,0.650000,20,1.000000
50,0.990000,0.650000,20,1.000000
50,0.990000,0.650000,20,1.000000
50,0.990000,0.650000,20,1.000000
50,0.990000,0.650000,20,1.000000
50,0.990000,0.650000,20,1.000000
50,0.990000,0.650000,20,1.000000
50,0.990000,0.650000,20,1.000000
50,0.990000,0.650000,20,1.000000
50,0.990000,0.650000,20,1.000000
50,0.990000,0.650000,20,1.000000
50,0.990000,0.650000,21,1.000000
50,0.990000,0.650000,21,1.000000
50,0.990000,0.650000,21,1.000000
50,0.990000,0.650000,21,1.000000
50,0.990000,0.650000,21,0.965517
50,0.990000,0.650000,21,1.000000
50,0.990000,0.650000,21,1.000000
50,0.990000,0.650000,21,1.000000
50,0.990000,0.650000,21,1.000000
50,0.990000,0.650000,21,1.000000
50,0.990000,0.650000,21,1.000000
50,0.990000,0.650000,21,1.000000
50,0.990000,0.650000,21,1.000000
50,0.990000,0.650000,21,1.000000
50,0.990000,0.650000,21,1.000000
50,0.990000,0.650000,21,1.000000
50,0.990000,0.650000,21,1.000000
50,0.990000,0.650000,21,1.000000
50,0.990000,0.650000,21,1.000000
50,0.990000,0.650000,21,1.000000
50,0.990000,0.650000,21,1.000000
50,0.990000,0.650000,21,1.000000
50,0.990000,0.650000,21,1.000000
50,0.990000,0.650000,21,1.000000
50,0.990000,0.650000,21,1.000000
50,0.990000,0.650000,21,1.000000
50,0.990000,0.650000,21,1.000000
50,0.990000,0.650000,21,0.965517
50,0.990000,0.650000,21,1.000000
50,0.990000,0.650000,21,0.965517
50,0.990000,0.650000,22,1.000000
50,0.990000,0.650000,22,1.000000
50,0.990000,0.650000,22,1.000000
50,0.990000,0.650000,22,1.000000
50,0.990000,0.650000,22,1.000000
50,0.990000,0.650000,22,1.000000
50,0.990000,0.650000,22,1.000000
50,0.990000,0.650000,22,1.000000
50,0.990000,0.650000,22,1.000000
50,0.990000,0.650000,22,1.000000
50,0.990000,0.650000,22,1.000000
50,0.990000,0.650000,22,1.000000
50,0.990000,0.650000,22,1.000000
50,0.990000,0.650000,22,1.000000
50,0.990000,0.650000,22,1.000000
50,0.990000,0.650000,22,1.000000
50,0.990000,0.650000,22,1.000000
50,0.990000,0.650000,22,1.000000
50,0.990000,0.650000,22,0.964286
50,0.990000,0.650000,22,1.000000
50,0.990000,0.650000,22,1.000000
50,0.990000,0.650000,22,1.000000
50,0.990000,0.650000,22,1.000000
50,0.990000,0.650000,22,1.000000
50,0.990000,0.650000,22,1.000000
50,0.990000,0.650000,22,1.000000
50,0.990000,0.650000,22,1.000000
50,0.990000,0.650000,22,1.000000
50,0.990000,0.650000,22,1.000000
50,0.990000,0.650000,22,0.964286
50,0.990000,0.650000,23,1.000000
50,0.990000,0.650000,23,1.000000
50,0.990000,0.650000,23,0.962963
50,0.990000,0.650000,23,1.000000
50,0.990000,0.650000,23,1.000000
50,0.990000,0.650000,23,1.000000
50,0.990000,0.650000,23,1.000000
50,0.990000,0.650000,23,1.000000
50,0.990000,0.650000,23,1.000000
50,0.990000,0.650000,23,1.000000
50,0.990000,0.650000,23,1.000000
50,0.990000,0.650000,23,1.000000
50,0.990000,0.650000,23,1.000000
50,0.990000,0.650000,23,1.000000
50,0.990000,0.650000,23,1.000000
50,0.990000,0.650000,23,1.000000
50,0.990000,0.650000,23,1.000000
50,0.990000,0.650000,23,1.000000
50,0.990000,0.650000,23,1.000000
50,0.990000,0.650000,23,1.000000
50,0.990000,0.650000,23,1.000000
50,0.990000,0.650000,23,1.000000
50,0.990000,0.650000,23,1.000000
50,0.990000,0.650000,23,1.000000
50,0.990000,0.650000,23,1.000000
50,0.990000,0.650000,23,1.000000
50,0.990000,0.650000,23,1.000000
50,0.990000,0.650000,23,1.000000
50,0.990000,0.650000,23,1.000000
50,0.990000,0.650000,23,1.000000
50,0.990000,0.650000,24,1.000000
50,0.990000,0.650000,24,1.000000
50,0.990000,0.650000,24,1.000000
50,0.990000,0.650000,24,1.000000
50,0.990000,0.650000,24,1.000000
50,0.990000,0.650000,24,1.000000
50,0.990000,0.650000,24,1.000000
50,0.990000,0.650000,24,1.000000
50,0.990000,0.650000,24,1.000000
50,0.990000,0.650000,24,1.000000
50,0.990000,0.650000,24,1.000000
50,0.990000,0.650000,24,1.000000
50,0.990000,0.650000,24,1.000000
50,0.990000,0.650000,24,1.000000
50,0.990000,0.650000,24,1.000000
50,0.990000,0.650000,24,1.000000
50,0.990000,0.650000,24,1.000000
50,0.990000,0.650000,24,1.000000
50,0.990000,0.650000,24,1.000000
50,0.990000,0.650000,24,1.000000
50,0.990000,0.650000,24,1.000000
50,0.990000,0.650000,24,1.000000
50,0.990000,0.650000,24,1.000000
50,0.990000,0.650000,24,1.000000
50,0.990000,0.650000,24,1.000000
50,0.990000,0.650000,24,1.000000
50,0.990000,0.650000,24,1.000000
50,0.990000,0.650000,24,1.000000
50,0.990000,0.650000,24,1.000000
50,0.990000,0.650000,24,1.000000
